Workbook

Sheet TIRURI
A2: Nr. Crt | B2: Descriere articol | C2: TOTAL | D2: 46216 | E2: 46217 | F2: 46218 | G2: 46219 | H2: 46220 | I2: 46221 | J2: PRET | K2: TOTAL | W2: PRET BIS | X2: ADAOS ml | Y2: ADAOS % | Z2: ADAOS
A3: COP 1 | B3: EPUIZAREA MECANICA A APEI CU MOTOPOMPA | C3: =SUM(D3:I3) | D3: =SUM(C39) | E3: =SUM(C71) | F3: =SUM(C103) | G3: =SUM(C135) | H3: =SUM(C167) | I3: =SUM(C199) | J3: 2.09 | K3: =SUM(C3*J3) | W3: 2.49 | X3: =SUM(W3-J3) | Y3: =SUM(X3*1/W3) | Z3: =SUM(C3*X3)
A4: COP 2 | B4: REFACERI PAVAJE LA STRAZI (TOATTE MATERIALELE, TRANSPORTURILE SI MANOPERA INCLUSE) | C4: =SUM(D4:I4) | D4: =SUM(C40) | E4: =SUM(C72) | F4: =SUM(C104) | G4: =SUM(C136) | H4: =SUM(C168) | I4: =SUM(C200) | J4: 42.12 | K4: =SUM(C4*J4) | W4: 50.03 | X4: =SUM(W4-J4) | Y4: =SUM(X4*1/W4) | Z4: =SUM(C4*X4)
A5: COP 3 | B5: REFACERI PAVAJE TROTUAR, ALEI PIETONALE (TOATE MATERIALELE, TRANSPORTURILE Sl MANOPERA INCLUSE) | C5: =SUM(D5:I5) | D5: =SUM(C41) | E5: =SUM(C73) | F5: =SUM(C105) | G5: =SUM(C137) | H5: =SUM(C169) | I5: =SUM(C201) | J5: 18.43 | K5: =SUM(C5*J5) | W5: 21.89 | X5: =SUM(W5-J5) | Y5: =SUM(X5*1/W5) | Z5: =SUM(C5*X5)
A6: COP 4 | B6: INCHIRIERE MACARA / NACELA | C6: =SUM(D6:I6) | D6: =SUM(C42) | E6: =SUM(C74) | F6: =SUM(C106) | G6: =SUM(C138) | H6: =SUM(C170) | I6: =SUM(C202) | J6: 27 | K6: =SUM(C6*J6) | W6: 31.29 | X6: =SUM(W6-J6) | Y6: =SUM(X6*1/W6) | Z6: =SUM(C6*X6)
A7: COP 5 | B7: TRANSPORT MATERIALE MASINA 1.5 T | C7: =SUM(D7:I7) | D7: =SUM(C43) | E7: =SUM(C75) | F7: =SUM(C107) | G7: =SUM(C139) | H7: =SUM(C171) | I7: =SUM(C203) | J7: 0.41 | K7: =SUM(C7*J7) | W7: 0.62 | X7: =SUM(W7-J7) | Y7: =SUM(X7*1/W7) | Z7: =SUM(C7*X7)
A8: COP 6 | B8: TRANSPORT MATERIALE MASINA 3.5 T | C8: =SUM(D8:I8) | D8: =SUM(C44) | E8: =SUM(C76) | F8: =SUM(C108) | G8: =SUM(C140) | H8: =SUM(C172) | I8: =SUM(C204) | J8: 0.63 | K8: =SUM(C8*J8) | W8: 0.75 | X8: =SUM(W8-J8) | Y8: =SUM(X8*1/W8) | Z8: =SUM(C8*X8)
A9: COP 8 | B9: TRANSPORT MATERIALE MASINA 20 T | C9: =SUM(D9:I9) | D9: =SUM(C45) | E9: =SUM(C77) | F9: =SUM(C109) | G9: =SUM(C141) | H9: =SUM(C173) | I9: =SUM(C205) | J9: 1.07 | K9: =SUM(C9*J9) | W9: 1.27 | X9: =SUM(W9-J9) | Y9: =SUM(X9*1/W9) | Z9: =SUM(C9*X9)
A10: COP 9 | B10: SPARGERE BETON - CAROSABIL | C10: =SUM(D10:I10) | D10: =SUM(C46) | E10: =SUM(C78) | F10: =SUM(C110) | G10: =SUM(C142) | H10: =SUM(C174) | I10: =SUM(C206) | J10: 14.31 | K10: =SUM(C10*J10) | W10: 17.41 | X10: =SUM(W10-J10) | Y10: =SUM(X10*1/W10) | Z10: =SUM(C10*X10)
A11: COP 10 | B11: SPARGERE BETON - FUNDATIE DRUM | C11: =SUM(D11:I11) | D11: =SUM(C47) | E11: =SUM(C79) | F11: =SUM(C111) | G11: =SUM(C143) | H11: =SUM(C175) | I11: =SUM(C207) | J11: 12.45 | K11: =SUM(C11*J11) | W11: 15.55 | X11: =SUM(W11-J11) | Y11: =SUM(X11*1/W11) | Z11: =SUM(C11*X11)
A12: COP 11 | B12: DEMONTARE CABLU DIN CANALIZARE MAI MIC SAU EGAL DE 600/0.4 | C12: =SUM(D12:I12) | D12: =SUM(C48) | E12: =SUM(C80) | F12: =SUM(C112) | G12: =SUM(C144) | H12: =SUM(C176) | I12: =SUM(C208) | J12: 0.2 | K12: =SUM(C12*J12) | O12: =SUM(D12*1.25) | P12: =SUM(E12*1.25) | Q12: =SUM(F12*1.25) | R12: =SUM(G12*1.25) | S12: =SUM(H12*1.25) | T12: =SUM(I12*1.25) | W12: 0.24 | X12: =SUM(W12-J12) | Y12: =SUM(X12*1/W12) | Z12: =SUM(C12*X12)
A13: COP 12 | B13: DEMONTARE CABLU DE TELECOM DE PE ZID | C13: =SUM(D13:I13) | D13: =SUM(C49) | E13: =SUM(C81) | F13: =SUM(C113) | G13: =SUM(C145) | H13: =SUM(C177) | I13: =SUM(C209) | J13: 0.32 | K13: =SUM(C13*J13) | O13: =SUM(D13*1.3) | P13: =SUM(E13*1.3) | Q13: =SUM(F13*1.3) | R13: =SUM(G13*1.3) | S13: =SUM(H13*1.3) | T13: =SUM(I13*1.3) | W13: 0.39 | X13: =SUM(W13-J13) | Y13: =SUM(X13*1/W13) | Z13: =SUM(C13*X13)
A14: COP 13 | B14: DEMONTARE CABLU DE TELECOM. DE PE STALPI (MANOPERA DE DEMONTARE) | C14: =SUM(D14:I14) | D14: =SUM(C50) | E14: =SUM(C82) | F14: =SUM(C114) | G14: =SUM(C146) | H14: =SUM(C178) | I14: =SUM(C210) | J14: 0.15 | K14: =SUM(C14*J14) | O14: =SUM(D14) | P14: =SUM(E14) | Q14: =SUM(F14) | R14: =SUM(G14) | S14: =SUM(H14) | T14: =SUM(I14) | W14: 0.18 | X14: =SUM(W14-J14) | Y14: =SUM(X14*1/W14) | Z14: =SUM(C14*X14)
A15: COP 14 | B15: DEMONTARE STREANG SAU BRIDA SAU SARMA RADIOFICARE | C15: =SUM(D15:I15) | D15: =SUM(C51) | E15: =SUM(C83) | F15: =SUM(C115) | G15: =SUM(C147) | H15: =SUM(C179) | I15: =SUM(C211) | J15: 0.14 | K15: =SUM(C15*J15) | O15: =SUM(D15) | P15: =SUM(E15) | Q15: =SUM(F15) | R15: =SUM(G15) | S15: =SUM(H15) | T15: =SUM(I15) | W15: 0.17 | X15: =SUM(W15-J15) | Y15: =SUM(X15*1/W15) | Z15: =SUM(C15*X15)
A16: COP 15 | B16: DEMONTARE STALP DE LEMN OROC | C16: =SUM(D16:I16) | D16: =SUM(C52) | E16: =SUM(C84) | F16: =SUM(C116) | G16: =SUM(C148) | H16: =SUM(C180) | I16: =SUM(C212) | J16: 14.16 | K16: =SUM(C16*J16) | W16: 16.82 | X16: =SUM(W16-J16) | Y16: =SUM(X16*1/W16) | Z16: =SUM(C16*X16)
A17: COP 16 | B17: DEMONTARE TRAVERSA (SUPORTI RADIOFICARE) CONSOLA | C17: =SUM(D17:I17) | D17: =SUM(C53) | E17: =SUM(C85) | F17: =SUM(C117) | G17: =SUM(C149) | H17: =SUM(C181) | I17: =SUM(C213) | J17: 0.49 | K17: =SUM(C17*J17) | W17: 0.59 | X17: =SUM(W17-J17) | Y17: =SUM(X17*1/W17) | Z17: =SUM(C17*X17)
A18: COP 17 | B18: DEMONTARE CUTIE TERMINALA | C18: =SUM(D18:I18) | D18: =SUM(C54) | E18: =SUM(C86) | F18: =SUM(C118) | G18: =SUM(C150) | H18: =SUM(C182) | I18: =SUM(C214) | J18: 1.49 | K18: =SUM(C18*J18) | W18: 1.78 | X18: =SUM(W18-J18) | Y18: =SUM(X18*1/W18) | Z18: =SUM(C18*X18)
A19: COP 18 | B19: DEMONTARE APARATOARE 'U' DE CABLU (50MM) | C19: =SUM(D19:I19) | D19: =SUM(C55) | E19: =SUM(C87) | F19: =SUM(C119) | G19: =SUM(C151) | H19: =SUM(C183) | I19: =SUM(C215) | J19: 1.3 | K19: =SUM(C19*J19) | W19: 1.55 | X19: =SUM(W19-J19) | Y19: =SUM(X19*1/W19) | Z19: =SUM(C19*X19)
A20: COP 20 | B20: DEMONTARE CABLU DIN CANALIZARE MAI MARE SAU EGAL DE 600/0.6 | C20: =SUM(D20:I20) | D20: =SUM(C56) | E20: =SUM(C88) | F20: =SUM(C120) | G20: =SUM(C152) | H20: =SUM(C184) | I20: =SUM(C216) | J20: 0.51 | K20: =SUM(C20*J20) | O20: =SUM(D20*2) | P20: =SUM(E20*2) | Q20: =SUM(F20*2) | R20: =SUM(G20*2) | S20: =SUM(H20*2) | T20: =SUM(I20*2) | W20: 0.61 | X20: =SUM(W20-J20) | Y20: =SUM(X20*1/W20) | Z20: =SUM(C20*X20)
A21: COP 21 | B21: Vidanjare camine | C21: =SUM(D21:I21) | D21: =SUM(C57) | E21: =SUM(C89) | F21: =SUM(C121) | G21: =SUM(C153) | H21: =SUM(C185) | I21: =SUM(C217) | J21: 6.62 | K21: =SUM(C21*J21) | W21: 7.87 | X21: =SUM(W21-J21) | Y21: =SUM(X21*1/W21) | Z21: =SUM(C21*X21)
A22: COP 23 | B22: Asistenta Tehnica (echipa 2 tehnicieni) | C22: =SUM(D22:I22) | D22: =SUM(C58) | E22: =SUM(C90) | F22: =SUM(C122) | G22: =SUM(C154) | H22: =SUM(C186) | I22: =SUM(C218) | J22: 32 | K22: =SUM(C22*J22) | W22: 38 | X22: =SUM(W22-J22) | Y22: =SUM(X22*1/W22) | Z22: =SUM(C22*X22)
A23: COP 24 | B23: INCHIRIERE BULDOEXCAVATOR SAU UTILAJ | C23: =SUM(D23:I23) | D23: =SUM(C59) | E23: =SUM(C91) | F23: =SUM(C123) | G23: =SUM(C155) | H23: =SUM(C187) | I23: =SUM(C219) | J23: 31.31 | K23: =SUM(C23*J23) | W23: 37.18 | X23: =SUM(W23-J23) | Y23: =SUM(X23*1/W23) | Z23: =SUM(C23*X23)
A24: COP 26 | B24: Inchiriere TIR cu ora ( pentru perioada de stationare pana la incarcarea completa) | C24: =SUM(D24:I24) | D24: =SUM(C60) | E24: =SUM(C92) | F24: =SUM(C124) | G24: =SUM(C156) | H24: =SUM(C188) | I24: =SUM(C220) | J24: 13.87 | K24: =SUM(C24*J24) | N24: AERIAN : RURAL | W24: 16.47 | X24: =SUM(W24-J24) | Y24: =SUM(X24*1/W24) | Z24: =SUM(C24*X24)
A25: COP 27 | B25: DEMONTARE CABLU + STREANG | C25: =SUM(D25:I25) | D25: =SUM(C61) | E25: =SUM(C93) | F25: =SUM(C125) | G25: =SUM(C157) | H25: =SUM(C189) | I25: =SUM(C221) | J25: 0.19 | K25: =SUM(C25*J25) | N25: CANALIZATIE : URBAN | O25: =SUM(D25*1.2) | P25: =SUM(E25*1.2) | Q25: =SUM(F25*1.2) | R25: =SUM(G25*1.2) | S25: =SUM(H25*1.2) | T25: =SUM(I25*1.2) | W25: 0.23 | X25: =SUM(W25-J25) | Y25: =SUM(X25*1/W25) | Z25: =SUM(C25*X25)
A26: COP 28 | B26: DEMONTARE CABLU + BRIDA SAU STREANG + BRIDA | C26: =SUM(D26:I26) | D26: =SUM(C62) | E26: =SUM(C94) | F26: =SUM(C126) | G26: =SUM(C158) | H26: =SUM(C190) | I26: =SUM(C222) | J26: 0.16 | K26: =SUM(C26*J26) | M26: Zile lucrate | N26: 5 | O26: =SUM(D26*1.1) | P26: =SUM(E26*1.1) | Q26: =SUM(F26*1.1) | R26: =SUM(G26*1.1) | S26: =SUM(H26*1.1) | T26: =SUM(I26*1.1) | W26: 0.2 | X26: =SUM(W26-J26) | Y26: =SUM(X26*1/W26) | Z26: =SUM(C26*X26)
A27: COP 29 | B27: DEMONTARE CABLU + STREANG + BRIDA | C27: =SUM(D27:I27) | D27: =SUM(C63) | E27: =SUM(C95) | F27: =SUM(C127) | G27: =SUM(C159) | H27: =SUM(C191) | I27: =SUM(C223) | J27: 0.28 | K27: =SUM(C27*J27) | M27: Persoane Media saptamanala | N27: =SUM((D66+D98+D130+D162+D194)/N26) | O27: =SUM(D27*2) | P27: =SUM(E27*2) | Q27: =SUM(F27*2) | R27: =SUM(G27*2) | S27: =SUM(H27*2) | T27: =SUM(I27*2) | W27: 0.34 | X27: =SUM(W27-J27) | Y27: =SUM(X27*1/W27) | Z27: =SUM(C27*X27)
J28: TOTAL EURO | K28: =SUM(K3:K27) | O28: =SUM(O3:O27) | P28: =SUM(P3:P27) | Q28: =SUM(Q3:Q27) | R28: =SUM(R3:R27) | S28: =SUM(S3:S27) | T28: =SUM(T3:T27) | W28: TOTAL ADAOS | Z28: =SUM(Z3:Z27)
J29: CURS EURO | K29: 5.2 | N29: TOTAL ml / pers. | O29: =SUM(O28/D66) | P29: =SUM(P28/D98) | Q29: =SUM(Q28/D130) | R29: =SUM(R28/D162) | S29: =SUM(S28/D194) | T29: =SUM(T28/D226)
J30: TOTAL RON | K30: =SUM(K29*K28)
J31: TVA | K31: =SUM(K30*0.21) | N31: Media zil. sapt. / pers. | O31: =SUM(O29+P29+Q29+R29+S29+T29)/ N26
J32: TOTAL GENERAL | K32: =SUM(K30*1.21)
N34: Observatii :
B37: LUNI | C37: =SUM(D2)
A39: COP 1 | B39: EPUIZAREA MECANICA A APEI CU MOTOPOMPA | C39: =SUM(D39:X39)
A40: COP 2 | B40: REFACERI PAVAJE LA STRAZI (TOATTE MATERIALELE, TRANSPORTURILE SI MANOPERA INCLUSE) | C40: =SUM(D40:X40)
A41: COP 3 | B41: REFACERI PAVAJE TROTUAR, ALEI PIETONALE (TOATE MATERIALELE, TRANSPORTURILE Sl MANOPERA INCLUSE) | C41: =SUM(D41:X41)
A42: COP 4 | B42: INCHIRIERE MACARA / NACELA | C42: =SUM(D42:X42)
A43: COP 5 | B43: TRANSPORT MATERIALE MASINA 1.5 T | C43: =SUM(D43:X43)
A44: COP 6 | B44: TRANSPORT MATERIALE MASINA 3.5 T | C44: =SUM(D44:X44)
A45: COP 8 | B45: TRANSPORT MATERIALE MASINA 20 T | C45: =SUM(D45:X45)
A46: COP 9 | B46: SPARGERE BETON - CAROSABIL | C46: =SUM(D46:X46)
A47: COP 10 | B47: SPARGERE BETON - FUNDATIE DRUM | C47: =SUM(D47:X47)
A48: COP 11 | B48: DEMONTARE CABLU DIN CANALIZARE MAI MIC SAU EGAL DE 600/0.4 | C48: =SUM(D48:X48)
A49: COP 12 | B49: DEMONTARE CABLU DE TELECOM DE PE ZID | C49: =SUM(D49:X49)
A50: COP 13 | B50: DEMONTARE CABLU DE TELECOM. DE PE STALPI (MANOPERA DE DEMONTARE) | C50: =SUM(D50:X50)
... A63: COP 29 | B63: DEMONTARE CABLU + STREANG + BRIDA | C63: =SUM(D63:X63)
B64: TOTAL CABLU | C64: =SUM(C63+C62+C61+C56+C50+C49+C48)
B66: PERSOANE
B70: MARTI | C70: =SUM(E2)
A71: COP 1 | B71: EPUIZAREA MECANICA A APEI CU MOTOPOMPA | C71: =SUM(D71:X71)
A72: COP 2 | B72: REFACERI PAVAJE LA STRAZI (TOATTE MATERIALELE, TRANSPORTURILE SI MANOPERA INCLUSE) | C72: =SUM(D72:X72)
A73: COP 3 | B73: REFACERI PAVAJE TROTUAR, ALEI PIETONALE (TOATE MATERIALELE, TRANSPORTURILE Sl MANOPERA INCLUSE) | C73: =SUM(D73:X73)
A74: COP 4 | B74: INCHIRIERE MACARA / NACELA | C74: =SUM(D74:X74)
A75: COP 5 | B75: TRANSPORT MATERIALE MASINA 1.5 T | C75: =SUM(D75:X75)
A76: COP 6 | B76: TRANSPORT MATERIALE MASINA 3.5 T | C76: =SUM(D76:X76)
A77: COP 8 | B77: TRANSPORT MATERIALE MASINA 20 T | C77: =SUM(D77:X77)
A78: COP 9 | B78: SPARGERE BETON - CAROSABIL | C78: =SUM(D78:X78)
A79: COP 10 | B79: SPARGERE BETON - FUNDATIE DRUM | C79: =SUM(D79:X79)
A80: COP 11 | B80: DEMONTARE CABLU DIN CANALIZARE MAI MIC SAU EGAL DE 600/0.4 | C80: =SUM(D80:X80)
A81: COP 12 | B81: DEMONTARE CABLU DE TELECOM DE PE ZID | C81: =SUM(D81:X81)
A82: COP 13 | B82: DEMONTARE CABLU DE TELECOM. DE PE STALPI (MANOPERA DE DEMONTARE) | C82: =SUM(D82:X82)
... A95: COP 29 | B95: DEMONTARE CABLU + STREANG + BRIDA | C95: =SUM(D95:X95)
B96: TOTAL CABLU | C96: =SUM(C95+C94+C93+C88+C82+C81+C80)
B98: PERSOANE
B102: MIERCURI | C102: =SUM(F2)
A103: COP 1 | B103: EPUIZAREA MECANICA A APEI CU MOTOPOMPA | C103: =SUM(D103:X103)
A104: COP 2 | B104: REFACERI PAVAJE LA STRAZI (TOATTE MATERIALELE, TRANSPORTURILE SI MANOPERA INCLUSE) | C104: =SUM(D104:X104)
A105: COP 3 | B105: REFACERI PAVAJE TROTUAR, ALEI PIETONALE (TOATE MATERIALELE, TRANSPORTURILE Sl MANOPERA INCLUSE) | C105: =SUM(D105:X105)
A106: COP 4 | B106: INCHIRIERE MACARA / NACELA | C106: =SUM(D106:X106)
A107: COP 5 | B107: TRANSPORT MATERIALE MASINA 1.5 T | C107: =SUM(D107:X107)
A108: COP 6 | B108: TRANSPORT MATERIALE MASINA 3.5 T | C108: =SUM(D108:X108)
A109: COP 8 | B109: TRANSPORT MATERIALE MASINA 20 T | C109: =SUM(D109:X109)
A110: COP 9 | B110: SPARGERE BETON - CAROSABIL | C110: =SUM(D110:X110)
A111: COP 10 | B111: SPARGERE BETON - FUNDATIE DRUM | C111: =SUM(D111:X111)
A112: COP 11 | B112: DEMONTARE CABLU DIN CANALIZARE MAI MIC SAU EGAL DE 600/0.4 | C112: =SUM(D112:X112)
A113: COP 12 | B113: DEMONTARE CABLU DE TELECOM DE PE ZID | C113: =SUM(D113:X113)
A114: COP 13 | B114: DEMONTARE CABLU DE TELECOM. DE PE STALPI (MANOPERA DE DEMONTARE) | C114: =SUM(D114:X114)
... A127: COP 29 | B127: DEMONTARE CABLU + STREANG + BRIDA | C127: =SUM(D127:X127)
B128: TOTAL CABLU | C128: =SUM(C127+C126+C125+C120+C114+C113+C112)
B130: PERSOANE
B134: JOI | C134: =SUM(G2)
A135: COP 1 | B135: EPUIZAREA MECANICA A APEI CU MOTOPOMPA | C135: =SUM(D135:X135)
A136: COP 2 | B136: REFACERI PAVAJE LA STRAZI (TOATTE MATERIALELE, TRANSPORTURILE SI MANOPERA INCLUSE) | C136: =SUM(D136:X136)
A137: COP 3 | B137: REFACERI PAVAJE TROTUAR, ALEI PIETONALE (TOATE MATERIALELE, TRANSPORTURILE Sl MANOPERA INCLUSE) | C137: =SUM(D137:X137)
A138: COP 4 | B138: INCHIRIERE MACARA / NACELA | C138: =SUM(D138:X138)
A139: COP 5 | B139: TRANSPORT MATERIALE MASINA 1.5 T | C139: =SUM(D139:X139)
A140: COP 6 | B140: TRANSPORT MATERIALE MASINA 3.5 T | C140: =SUM(D140:X140)
A141: COP 8 | B141: TRANSPORT MATERIALE MASINA 20 T | C141: =SUM(D141:X141)
A142: COP 9 | B142: SPARGERE BETON - CAROSABIL | C142: =SUM(D142:X142)
A143: COP 10 | B143: SPARGERE BETON - FUNDATIE DRUM | C143: =SUM(D143:X143)
A144: COP 11 | B144: DEMONTARE CABLU DIN CANALIZARE MAI MIC SAU EGAL DE 600/0.4 | C144: =SUM(D144:X144)
A145: COP 12 | B145: DEMONTARE CABLU DE TELECOM DE PE ZID | C145: =SUM(D145:X145)
A146: COP 13 | B146: DEMONTARE CABLU DE TELECOM. DE PE STALPI (MANOPERA DE DEMONTARE) | C146: =SUM(D146:X146)
... A159: COP 29 | B159: DEMONTARE CABLU + STREANG + BRIDA | C159: =SUM(D159:X159)
B160: TOTAL CABLU | C160: =SUM(C159+C158+C157+C152+C146+C145+C144)
B162: PERSOANE
B166: VINERI | C166: =SUM(H2)
A167: COP 1 | B167: EPUIZAREA MECANICA A APEI CU MOTOPOMPA | C167: =SUM(D167:X167)
A168: COP 2 | B168: REFACERI PAVAJE LA STRAZI (TOATTE MATERIALELE, TRANSPORTURILE SI MANOPERA INCLUSE) | C168: =SUM(D168:X168)
A169: COP 3 | B169: REFACERI PAVAJE TROTUAR, ALEI PIETONALE (TOATE MATERIALELE, TRANSPORTURILE Sl MANOPERA INCLUSE) | C169: =SUM(D169:X169)
...

Sheet SITUATIA GENERALA
T1: MARTI | AS1: VINERI
C2: SITUATIA DE LUCRARI IN SAPTAMANA | D2: =SUM(K2) | E2: - | F2: =SUM(BB2) | J2: SITUATIA | K2: 46209 | L2: 46209 | M2: 46209 | N2: 46209 | O2: 46209 | P2: 46209 | Q2: 46209 | R2: 46209 | S2: 46210 | T2: 46210 | U2: 46210 | V2: 46210 | W2: 46210 | X2: 46210 | Y2: 46210 | Z2: 46210 | AA2: 46211 | AB2: 46211 | AC2: 46211 | AD2: 46211 | AE2: 46211 | AF2: 46211 | AG2: 46211 | AH2: 46211 | AI2: 46212 | AJ2: 46212 | AK2: 46212 | AL2: 46212 | AM2: 46212 | AN2: 46212 | AO2: 46212 | AP2: 46212 | AQ2: 46212 | AR2: 46212 | AS2: 46212 | AT2: 46212 | AU2: 46212 | AV2: 46212 | AW2: 46212 | AX2: 46212 | AY2: 46214 | AZ2: 46214 | BA2: 46214 | BB2: 46214 | BC2: 46214 | BD2: 46214 | BE2: 46214 | BF2: 46214
B3: Nr. Crt | C3: Descriere articol | D3: TOTAL | E3: PRET | F3: TOTAL | G3: PO | H3: Difer. ml | I3: Difer. Pret | J3: TIRURI | K3: 1.GR | L3: 3. TL | M3: 6.PH | N3: 7.GJ | O3: 8. BZ | P3: 9. AB | Q3: 10.HR | R3: 13. BT | S3: 1.GR | T3: 3. TL | U3: 6.PH | V3: 7.GJ | W3: 8. BZ | X3: 9. AB | Y3: 10.HR | Z3: 13. BT | AA3: 1.GR | AB3: 3. TL | AC3: 6.PH | AD3: 7.GJ | AE3: 8. BZ | AF3: 9. AB | AG3: 10.HR | AH3: 13. BT | AI3: 1.GR | AJ3: 3. TL | AK3: 6.PH | AL3: 7.GJ | AM3: 8. BZ | AN3: 9. AB | AO3: 10.HR | AP3: 13. BT | AQ3: 1.GR | AR3: 3. TL | AS3: 6.PH | AT3: 7.GJ | AU3: 8. BZ | AV3: 9. AB | AW3: 10.HR | AX3: 13. BT | AY3: 1.GR | AZ3: 3. TL | BA3: 6.PH | BB3: 7.GJ | BC3: 8. BZ | BD3: 9. AB | BE3: 10.HR | BF3: 13. BT
B4: COP 1 | C4: EPUIZAREA MECANICA A APEI CU MOTOPOMPA | D4: =SUM(F4*E4) | E4: 2.465 | F4: =SUM(J4:BF4) | G4: 0 | H4: =SUM(G4-F4) | I4: =SUM(H4*E4) | J4: =SUM(SHEET_NEFOLOSIT!C6) | K4: =SUM(SHEET_GOL_5!D3+SHEET_GOL_11!D3) | L4: =SUM(SHEET_GOL_2!D3+SHEET_GOL_1!D3) | M4: =SUM(SHEET_GOL_4!D3) | N4: =SUM(SHEET_GOL_6!D3) | O4: =SUM(SHEET_GOL_12!D3+SHEET_GOL_8!D3) | P4: =SUM(SHEET_GOL_7!D3) | Q4: =SUM(SHEET_GOL_3!D3) | R4: =SUM(SHEET_GOL_9!D3+SHEET_GOL_10!D3) | S4: =SUM(SHEET_GOL_5!E3+SHEET_GOL_11!E3) | T4: =SUM(SHEET_GOL_2!E3+SHEET_GOL_1!E3) | U4: =SUM(SHEET_GOL_4!E3) | V4: =SUM(SHEET_GOL_6!E3) | W4: =SUM(SHEET_GOL_12!E3+SHEET_GOL_8!E3) | X4: =SUM(SHEET_GOL_7!E3) | Y4: =SUM(SHEET_GOL_3!E3) | Z4: =SUM(SHEET_GOL_9!E3+SHEET_GOL_10!E3) | AA4: =SUM(SHEET_GOL_5!F3+SHEET_GOL_11!F3) | AB4: =SUM(SHEET_GOL_2!F3+SHEET_GOL_1!F3) | AC4: =SUM(SHEET_GOL_4!F3) | AD4: =SUM(SHEET_GOL_6!F3) | AE4: =SUM(SHEET_GOL_12!F3+SHEET_GOL_8!F3) | AF4: =SUM(SHEET_GOL_7!F3) | AG4: =SUM(SHEET_GOL_3!F3) | AH4: =SUM(SHEET_GOL_9!F3+SHEET_GOL_10!F3) | AI4: =SUM(SHEET_GOL_5!G3+SHEET_GOL_11!G3) | AJ4: =SUM(SHEET_GOL_2!G3+SHEET_GOL_1!G3) | AK4: =SUM(SHEET_GOL_4!G3) | AL4: =SUM(SHEET_GOL_6!G3) | AM4: =SUM(SHEET_GOL_12!G3+SHEET_GOL_8!G3) | AN4: =SUM(SHEET_GOL_7!G3) | AO4: =SUM(SHEET_GOL_3!G3) | AP4: =SUM(SHEET_GOL_9!G3+SHEET_GOL_10!G3) | AQ4: =SUM(SHEET_GOL_5!H3+SHEET_GOL_11!H3) | AR4: =SUM(SHEET_GOL_2!H3+SHEET_GOL_1!H3) | AS4: =SUM(SHEET_GOL_4!H3) | AT4: =SUM(SHEET_GOL_6!H3) | AU4: =SUM(SHEET_GOL_12!H3+SHEET_GOL_8!H3) | AV4: =SUM(SHEET_GOL_7!H3) | AW4: =SUM(SHEET_GOL_3!H3) | AX4: =SUM(SHEET_GOL_9!H3+SHEET_GOL_10!H3) | AY4: =SUM(SHEET_GOL_5!I3+SHEET_GOL_11!I3) | AZ4: =SUM(SHEET_GOL_2!I3+SHEET_GOL_1!I3) | BA4: =SUM(SHEET_GOL_4!I3) | BB4: =SUM(SHEET_GOL_6!I3) | BC4: =SUM(SHEET_GOL_12!I3+SHEET_GOL_8!I3) | BD4: =SUM(SHEET_GOL_7!I3) | BE4: =SUM(SHEET_GOL_3!I3) | BF4: =SUM(SHEET_GOL_9!I3+SHEET_GOL_10!I3)
B5: COP 2 | C5: REFACERI PAVAJE LA STRAZI (TOATTE MATERIALELE, TRANSPORTURILE SI MANOPERA INCLUSE) | D5: =SUM(F5*E5) | E5: 49.53 | F5: =SUM(J5:BF5) | G5: 0 | H5: =SUM(G5-F5) | I5: =SUM(H5*E5) | J5: =SUM(SHEET_NEFOLOSIT!C7) | K5: =SUM(SHEET_GOL_5!D4+SHEET_GOL_11!D4) | L5: =SUM(SHEET_GOL_2!D4+SHEET_GOL_1!D4) | M5: =SUM(SHEET_GOL_4!D4) | N5: =SUM(SHEET_GOL_6!D4) | O5: =SUM(SHEET_GOL_12!D4+SHEET_GOL_8!D4) | P5: =SUM(SHEET_GOL_7!D4) | Q5: =SUM(SHEET_GOL_3!D4) | R5: =SUM(SHEET_GOL_9!D4+SHEET_GOL_10!D4) | S5: =SUM(SHEET_GOL_5!E4+SHEET_GOL_11!E4) | T5: =SUM(SHEET_GOL_2!E4+SHEET_GOL_1!E4) | U5: =SUM(SHEET_GOL_4!E4) | V5: =SUM(SHEET_GOL_6!E4) | W5: =SUM(SHEET_GOL_12!E4+SHEET_GOL_8!E4) | X5: =SUM(SHEET_GOL_7!E4) | Y5: =SUM(SHEET_GOL_3!E4) | Z5: =SUM(SHEET_GOL_9!E4+SHEET_GOL_10!E4) | AA5: =SUM(SHEET_GOL_5!F4+SHEET_GOL_11!F4) | AB5: =SUM(SHEET_GOL_2!F4+SHEET_GOL_1!F4) | AC5: =SUM(SHEET_GOL_4!F4) | AD5: =SUM(SHEET_GOL_6!F4) | AE5: =SUM(SHEET_GOL_12!F4+SHEET_GOL_8!F4) | AF5: =SUM(SHEET_GOL_7!F4) | AG5: =SUM(SHEET_GOL_3!F4) | AH5: =SUM(SHEET_GOL_9!F4+SHEET_GOL_10!F4) | AI5: =SUM(SHEET_GOL_5!G4+SHEET_GOL_11!G4) | AJ5: =SUM(SHEET_GOL_2!G4+SHEET_GOL_1!G4) | AK5: =SUM(SHEET_GOL_4!G4) | AL5: =SUM(SHEET_GOL_6!G4) | AM5: =SUM(SHEET_GOL_12!G4+SHEET_GOL_8!G4) | AN5: =SUM(SHEET_GOL_7!G4) | AO5: =SUM(SHEET_GOL_3!G4) | AP5: =SUM(SHEET_GOL_9!G4+SHEET_GOL_10!G4) | AQ5: =SUM(SHEET_GOL_5!H4+SHEET_GOL_11!H4) | AR5: =SUM(SHEET_GOL_2!H4+SHEET_GOL_1!H4) | AS5: =SUM(SHEET_GOL_4!H4) | AT5: =SUM(SHEET_GOL_6!H4) | AU5: =SUM(SHEET_GOL_12!H4+SHEET_GOL_8!H4) | AV5: =SUM(SHEET_GOL_7!H4) | AW5: =SUM(SHEET_GOL_3!H4) | AX5: =SUM(SHEET_GOL_9!H4+SHEET_GOL_10!H4) | AY5: =SUM(SHEET_GOL_5!I4+SHEET_GOL_11!I4) | AZ5: =SUM(SHEET_GOL_2!I4+SHEET_GOL_1!I4) | BA5: =SUM(SHEET_GOL_4!I4) | BB5: =SUM(SHEET_GOL_6!I4) | BC5: =SUM(SHEET_GOL_12!I4+SHEET_GOL_8!I4) | BD5: =SUM(SHEET_GOL_7!I4) | BE5: =SUM(SHEET_GOL_3!I4) | BF5: =SUM(SHEET_GOL_9!I4+SHEET_GOL_10!I4)
B6: COP 3 | C6: REFACERI PAVAJE TROTUAR, ALEI PIETONALE (TOATE MATERIALELE, TRANSPORTURILE Sl MANOPERA INCLUSE) | D6: =SUM(F6*E6) | E6: 21.671 | F6: =SUM(J6:BF6) | G6: 0 | H6: =SUM(G6-F6) | I6: =SUM(H6*E6) | J6: =SUM(SHEET_NEFOLOSIT!C8) | K6: =SUM(SHEET_GOL_5!D5+SHEET_GOL_11!D5) | L6: =SUM(SHEET_GOL_2!D5+SHEET_GOL_1!D5) | M6: =SUM(SHEET_GOL_4!D5) | N6: =SUM(SHEET_GOL_6!D5) | O6: =SUM(SHEET_GOL_12!D5+SHEET_GOL_8!D5) | P6: =SUM(SHEET_GOL_7!D5) | Q6: =SUM(SHEET_GOL_3!D5) | R6: =SUM(SHEET_GOL_9!D5+SHEET_GOL_10!D5) | S6: =SUM(SHEET_GOL_5!E5+SHEET_GOL_11!E5) | T6: =SUM(SHEET_GOL_2!E5+SHEET_GOL_1!E5) | U6: =SUM(SHEET_GOL_4!E5) | V6: =SUM(SHEET_GOL_6!E5) | W6: =SUM(SHEET_GOL_12!E5+SHEET_GOL_8!E5) | X6: =SUM(SHEET_GOL_7!E5) | Y6: =SUM(SHEET_GOL_3!E5) | Z6: =SUM(SHEET_GOL_9!E5+SHEET_GOL_10!E5) | AA6: =SUM(SHEET_GOL_5!F5+SHEET_GOL_11!F5) | AB6: =SUM(SHEET_GOL_2!F5+SHEET_GOL_1!F5) | AC6: =SUM(SHEET_GOL_4!F5) | AD6: =SUM(SHEET_GOL_6!F5) | AE6: =SUM(SHEET_GOL_12!F5+SHEET_GOL_8!F5) | AF6: =SUM(SHEET_GOL_7!F5) | AG6: =SUM(SHEET_GOL_3!F5) | AH6: =SUM(SHEET_GOL_9!F5+SHEET_GOL_10!F5) | AI6: =SUM(SHEET_GOL_5!G5+SHEET_GOL_11!G5) | AJ6: =SUM(SHEET_GOL_2!G5+SHEET_GOL_1!G5) | AK6: =SUM(SHEET_GOL_4!G5) | AL6: =SUM(SHEET_GOL_6!G5) | AM6: =SUM(SHEET_GOL_12!G5+SHEET_GOL_8!G5) | AN6: =SUM(SHEET_GOL_7!G5) | AO6: =SUM(SHEET_GOL_3!G5) | AP6: =SUM(SHEET_GOL_9!G5+SHEET_GOL_10!G5) | AQ6: =SUM(SHEET_GOL_5!H5+SHEET_GOL_11!H5) | AR6: =SUM(SHEET_GOL_2!H5+SHEET_GOL_1!H5) | AS6: =SUM(SHEET_GOL_4!H5) | AT6: =SUM(SHEET_GOL_6!H5) | AU6: =SUM(SHEET_GOL_12!H5+SHEET_GOL_8!H5) | AV6: =SUM(SHEET_GOL_7!H5) | AW6: =SUM(SHEET_GOL_3!H5) | AX6: =SUM(SHEET_GOL_9!H5+SHEET_GOL_10!H5) | AY6: =SUM(SHEET_GOL_5!I5+SHEET_GOL_11!I5) | AZ6: =SUM(SHEET_GOL_2!I5+SHEET_GOL_1!I5) | BA6: =SUM(SHEET_GOL_4!I5) | BB6: =SUM(SHEET_GOL_6!I5) | BC6: =SUM(SHEET_GOL_12!I5+SHEET_GOL_8!I5) | BD6: =SUM(SHEET_GOL_7!I5) | BE6: =SUM(SHEET_GOL_3!I5) | BF6: =SUM(SHEET_GOL_9!I5+SHEET_GOL_10!I5)
B7: COP 4 | C7: INCHIRIERE MACARA / NACELA | D7: =SUM(F7*E7) | E7: 31.581 | F7: =SUM(J7:BF7) | G7: 0 | H7: =SUM(G7-F7) | I7: =SUM(H7*E7) | J7: =SUM(SHEET_NEFOLOSIT!C9) | K7: =SUM(SHEET_GOL_5!D6+SHEET_GOL_11!D6) | L7: =SUM(SHEET_GOL_2!D6+SHEET_GOL_1!D6) | M7: =SUM(SHEET_GOL_4!D6) | N7: =SUM(SHEET_GOL_6!D6) | O7: =SUM(SHEET_GOL_12!D6+SHEET_GOL_8!D6) | P7: =SUM(SHEET_GOL_7!D6) | Q7: =SUM(SHEET_GOL_3!D6) | R7: =SUM(SHEET_GOL_9!D6+SHEET_GOL_10!D6) | S7: =SUM(SHEET_GOL_5!E6+SHEET_GOL_11!E6) | T7: =SUM(SHEET_GOL_2!E6+SHEET_GOL_1!E6) | U7: =SUM(SHEET_GOL_4!E6) | V7: =SUM(SHEET_GOL_6!E6) | W7: =SUM(SHEET_GOL_12!E6+SHEET_GOL_8!E6) | X7: =SUM(SHEET_GOL_7!E6) | Y7: =SUM(SHEET_GOL_3!E6) | Z7: =SUM(SHEET_GOL_9!E6+SHEET_GOL_10!E6) | AA7: =SUM(SHEET_GOL_5!F6+SHEET_GOL_11!F6) | AB7: =SUM(SHEET_GOL_2!F6+SHEET_GOL_1!F6) | AC7: =SUM(SHEET_GOL_4!F6) | AD7: =SUM(SHEET_GOL_6!F6) | AE7: =SUM(SHEET_GOL_12!F6+SHEET_GOL_8!F6) | AF7: =SUM(SHEET_GOL_7!F6) | AG7: =SUM(SHEET_GOL_3!F6) | AH7: =SUM(SHEET_GOL_9!F6+SHEET_GOL_10!F6) | AI7: =SUM(SHEET_GOL_5!G6+SHEET_GOL_11!G6) | AJ7: =SUM(SHEET_GOL_2!G6+SHEET_GOL_1!G6) | AK7: =SUM(SHEET_GOL_4!G6) | AL7: =SUM(SHEET_GOL_6!G6) | AM7: =SUM(SHEET_GOL_12!G6+SHEET_GOL_8!G6) | AN7: =SUM(SHEET_GOL_7!G6) | AO7: =SUM(SHEET_GOL_3!G6) | AP7: =SUM(SHEET_GOL_9!G6+SHEET_GOL_10!G6) | AQ7: =SUM(SHEET_GOL_5!H6+SHEET_GOL_11!H6) | AR7: =SUM(SHEET_GOL_2!H6+SHEET_GOL_1!H6) | AS7: =SUM(SHEET_GOL_4!H6) | AT7: =SUM(SHEET_GOL_6!H6) | AU7: =SUM(SHEET_GOL_12!H6+SHEET_GOL_8!H6) | AV7: =SUM(SHEET_GOL_7!H6) | AW7: =SUM(SHEET_GOL_3!H6) | AX7: =SUM(SHEET_GOL_9!H6+SHEET_GOL_10!H6) | AY7: =SUM(SHEET_GOL_5!I6+SHEET_GOL_11!I6) | AZ7: =SUM(SHEET_GOL_2!I6+SHEET_GOL_1!I6) | BA7: =SUM(SHEET_GOL_4!I6) | BB7: =SUM(SHEET_GOL_6!I6) | BC7: =SUM(SHEET_GOL_12!I6+SHEET_GOL_8!I6) | BD7: =SUM(SHEET_GOL_7!I6) | BE7: =SUM(SHEET_GOL_3!I6) | BF7: =SUM(SHEET_GOL_9!I6+SHEET_GOL_10!I6)
B8: COP 5 | C8: TRANSPORT MATERIALE MASINA 1.5 T | D8: =SUM(F8*E8) | E8: 0.614 | F8: =SUM(J8:BF8) | G8: 0 | H8: =SUM(G8-F8) | I8: =SUM(H8*E8) | J8: =SUM(SHEET_NEFOLOSIT!C10) | K8: =SUM(SHEET_GOL_5!D7+SHEET_GOL_11!D7) | L8: =SUM(SHEET_GOL_2!D7+SHEET_GOL_1!D7) | M8: =SUM(SHEET_GOL_4!D7) | N8: =SUM(SHEET_GOL_6!D7) | O8: =SUM(SHEET_GOL_12!D7+SHEET_GOL_8!D7) | P8: =SUM(SHEET_GOL_7!D7) | Q8: =SUM(SHEET_GOL_3!D7) | R8: =SUM(SHEET_GOL_9!D7+SHEET_GOL_10!D7) | S8: =SUM(SHEET_GOL_5!E7+SHEET_GOL_11!E7) | T8: =SUM(SHEET_GOL_2!E7+SHEET_GOL_1!E7) | U8: =SUM(SHEET_GOL_4!E7) | V8: =SUM(SHEET_GOL_6!E7) | W8: =SUM(SHEET_GOL_12!E7+SHEET_GOL_8!E7) | X8: =SUM(SHEET_GOL_7!E7) | Y8: =SUM(SHEET_GOL_3!E7) | Z8: =SUM(SHEET_GOL_9!E7+SHEET_GOL_10!E7) | AA8: =SUM(SHEET_GOL_5!F7+SHEET_GOL_11!F7) | AB8: =SUM(SHEET_GOL_2!F7+SHEET_GOL_1!F7) | AC8: =SUM(SHEET_GOL_4!F7) | AD8: =SUM(SHEET_GOL_6!F7) | AE8: =SUM(SHEET_GOL_12!F7+SHEET_GOL_8!F7) | AF8: =SUM(SHEET_GOL_7!F7) | AG8: =SUM(SHEET_GOL_3!F7) | AH8: =SUM(SHEET_GOL_9!F7+SHEET_GOL_10!F7) | AI8: =SUM(SHEET_GOL_5!G7+SHEET_GOL_11!G7) | AJ8: =SUM(SHEET_GOL_2!G7+SHEET_GOL_1!G7) | AK8: =SUM(SHEET_GOL_4!G7) | AL8: =SUM(SHEET_GOL_6!G7) | AM8: =SUM(SHEET_GOL_12!G7+SHEET_GOL_8!G7) | AN8: =SUM(SHEET_GOL_7!G7) | AO8: =SUM(SHEET_GOL_3!G7) | AP8: =SUM(SHEET_GOL_9!G7+SHEET_GOL_10!G7) | AQ8: =SUM(SHEET_GOL_5!H7+SHEET_GOL_11!H7) | AR8: =SUM(SHEET_GOL_2!H7+SHEET_GOL_1!H7) | AS8: =SUM(SHEET_GOL_4!H7) | AT8: =SUM(SHEET_GOL_6!H7) | AU8: =SUM(SHEET_GOL_12!H7+SHEET_GOL_8!H7) | AV8: =SUM(SHEET_GOL_7!H7) | AW8: =SUM(SHEET_GOL_3!H7) | AX8: =SUM(SHEET_GOL_9!H7+SHEET_GOL_10!H7) | AY8: =SUM(SHEET_GOL_5!I7+SHEET_GOL_11!I7) | AZ8: =SUM(SHEET_GOL_2!I7+SHEET_GOL_1!I7) | BA8: =SUM(SHEET_GOL_4!I7) | BB8: =SUM(SHEET_GOL_6!I7) | BC8: =SUM(SHEET_GOL_12!I7+SHEET_GOL_8!I7) | BD8: =SUM(SHEET_GOL_7!I7) | BE8: =SUM(SHEET_GOL_3!I7) | BF8: =SUM(SHEET_GOL_9!I7+SHEET_GOL_10!I7)
B9: COP 6 | C9: TRANSPORT MATERIALE MASINA 3.5 T | D9: =SUM(F9*E9) | E9: 0.743 | F9: =SUM(J9:BF9) | G9: 0 | H9: =SUM(G9-F9) | I9: =SUM(H9*E9) | J9: =SUM(SHEET_NEFOLOSIT!C11) | K9: =SUM(SHEET_GOL_5!D8+SHEET_GOL_11!D8) | L9: =SUM(SHEET_GOL_2!D8+SHEET_GOL_1!D8) | M9: =SUM(SHEET_GOL_4!D8) | N9: =SUM(SHEET_GOL_6!D8) | O9: =SUM(SHEET_GOL_12!D8+SHEET_GOL_8!D8) | P9: =SUM(SHEET_GOL_7!D8) | Q9: =SUM(SHEET_GOL_3!D8) | R9: =SUM(SHEET_GOL_9!D8+SHEET_GOL_10!D8) | S9: =SUM(SHEET_GOL_5!E8+SHEET_GOL_11!E8) | T9: =SUM(SHEET_GOL_2!E8+SHEET_GOL_1!E8) | U9: =SUM(SHEET_GOL_4!E8) | V9: =SUM(SHEET_GOL_6!E8) | W9: =SUM(SHEET_GOL_12!E8+SHEET_GOL_8!E8) | X9: =SUM(SHEET_GOL_7!E8) | Y9: =SUM(SHEET_GOL_3!E8) | Z9: =SUM(SHEET_GOL_9!E8+SHEET_GOL_10!E8) | AA9: =SUM(SHEET_GOL_5!F8+SHEET_GOL_11!F8) | AB9: =SUM(SHEET_GOL_2!F8+SHEET_GOL_1!F8) | AC9: =SUM(SHEET_GOL_4!F8) | AD9: =SUM(SHEET_GOL_6!F8) | AE9: =SUM(SHEET_GOL_12!F8+SHEET_GOL_8!F8) | AF9: =SUM(SHEET_GOL_7!F8) | AG9: =SUM(SHEET_GOL_3!F8) | AH9: =SUM(SHEET_GOL_9!F8+SHEET_GOL_10!F8) | AI9: =SUM(SHEET_GOL_5!G8+SHEET_GOL_11!G8) | AJ9: =SUM(SHEET_GOL_2!G8+SHEET_GOL_1!G8) | AK9: =SUM(SHEET_GOL_4!G8) | AL9: =SUM(SHEET_GOL_6!G8) | AM9: =SUM(SHEET_GOL_12!G8+SHEET_GOL_8!G8) | AN9: =SUM(SHEET_GOL_7!G8) | AO9: =SUM(SHEET_GOL_3!G8) | AP9: =SUM(SHEET_GOL_9!G8+SHEET_GOL_10!G8) | AQ9: =SUM(SHEET_GOL_5!H8+SHEET_GOL_11!H8) | AR9: =SUM(SHEET_GOL_2!H8+SHEET_GOL_1!H8) | AS9: =SUM(SHEET_GOL_4!H8) | AT9: =SUM(SHEET_GOL_6!H8) | AU9: =SUM(SHEET_GOL_12!H8+SHEET_GOL_8!H8) | AV9: =SUM(SHEET_GOL_7!H8) | AW9: =SUM(SHEET_GOL_3!H8) | AX9: =SUM(SHEET_GOL_9!H8+SHEET_GOL_10!H8) | AY9: =SUM(SHEET_GOL_5!I8+SHEET_GOL_11!I8) | AZ9: =SUM(SHEET_GOL_2!I8+SHEET_GOL_1!I8) | BA9: =SUM(SHEET_GOL_4!I8) | BB9: =SUM(SHEET_GOL_6!I8) | BC9: =SUM(SHEET_GOL_12!I8+SHEET_GOL_8!I8) | BD9: =SUM(SHEET_GOL_7!I8) | BE9: =SUM(SHEET_GOL_3!I8) | BF9: =SUM(SHEET_GOL_9!I8+SHEET_GOL_10!I8)
B10: COP 8 | C10: TRANSPORT MATERIALE MASINA 20 T | D10: =SUM(F10*E10) | E10: 1.27 | F10: =SUM(J10:BF10) | G10: 0 | H10: =SUM(G10-F10) | I10: =SUM(H10*E10) | J10: =SUM(SHEET_NEFOLOSIT!C12) | K10: =SUM(SHEET_GOL_5!D9+SHEET_GOL_11!D9) | L10: =SUM(SHEET_GOL_2!D9+SHEET_GOL_1!D9) | M10: =SUM(SHEET_GOL_4!D9) | N10: =SUM(SHEET_GOL_6!D9) | O10: =SUM(SHEET_GOL_12!D9+SHEET_GOL_8!D9) | P10: =SUM(SHEET_GOL_7!D9) | Q10: =SUM(SHEET_GOL_3!D9) | R10: =SUM(SHEET_GOL_9!D9+SHEET_GOL_10!D9) | S10: =SUM(SHEET_GOL_5!E9+SHEET_GOL_11!E9) | T10: =SUM(SHEET_GOL_2!E9+SHEET_GOL_1!E9) | U10: =SUM(SHEET_GOL_4!E9) | V10: =SUM(SHEET_GOL_6!E9) | W10: =SUM(SHEET_GOL_12!E9+SHEET_GOL_8!E9) | X10: =SUM(SHEET_GOL_7!E9) | Y10: =SUM(SHEET_GOL_3!E9) | Z10: =SUM(SHEET_GOL_9!E9+SHEET_GOL_10!E9) | AA10: =SUM(SHEET_GOL_5!F9+SHEET_GOL_11!F9) | AB10: =SUM(SHEET_GOL_2!F9+SHEET_GOL_1!F9) | AC10: =SUM(SHEET_GOL_4!F9) | AD10: =SUM(SHEET_GOL_6!F9) | AE10: =SUM(SHEET_GOL_12!F9+SHEET_GOL_8!F9) | AF10: =SUM(SHEET_GOL_7!F9) | AG10: =SUM(SHEET_GOL_3!F9) | AH10: =SUM(SHEET_GOL_9!F9+SHEET_GOL_10!F9) | AI10: =SUM(SHEET_GOL_5!G9+SHEET_GOL_11!G9) | AJ10: =SUM(SHEET_GOL_2!G9+SHEET_GOL_1!G9) | AK10: =SUM(SHEET_GOL_4!G9) | AL10: =SUM(SHEET_GOL_6!G9) | AM10: =SUM(SHEET_GOL_12!G9+SHEET_GOL_8!G9) | AN10: =SUM(SHEET_GOL_7!G9) | AO10: =SUM(SHEET_GOL_3!G9) | AP10: =SUM(SHEET_GOL_9!G9+SHEET_GOL_10!G9) | AQ10: =SUM(SHEET_GOL_5!H9+SHEET_GOL_11!H9) | AR10: =SUM(SHEET_GOL_2!H9+SHEET_GOL_1!H9) | AS10: =SUM(SHEET_GOL_4!H9) | AT10: =SUM(SHEET_GOL_6!H9) | AU10: =SUM(SHEET_GOL_12!H9+SHEET_GOL_8!H9) | AV10: =SUM(SHEET_GOL_7!H9) | AW10: =SUM(SHEET_GOL_3!H9) | AX10: =SUM(SHEET_GOL_9!H9+SHEET_GOL_10!H9) | AY10: =SUM(SHEET_GOL_5!I9+SHEET_GOL_11!I9) | AZ10: =SUM(SHEET_GOL_2!I9+SHEET_GOL_1!I9) | BA10: =SUM(SHEET_GOL_4!I9) | BB10: =SUM(SHEET_GOL_6!I9) | BC10: =SUM(SHEET_GOL_12!I9+SHEET_GOL_8!I9) | BD10: =SUM(SHEET_GOL_7!I9) | BE10: =SUM(SHEET_GOL_3!I9) | BF10: =SUM(SHEET_GOL_9!I9+SHEET_GOL_10!I9)
B11: COP 9 | C11: SPARGERE BETON - CAROSABIL | D11: =SUM(F11*E11) | E11: 17.236 | F11: =SUM(J11:BF11) | G11: 0 | H11: =SUM(G11-F11) | I11: =SUM(H11*E11) | J11: =SUM(SHEET_NEFOLOSIT!C13) | K11: =SUM(SHEET_GOL_5!D10+SHEET_GOL_11!D10) | L11: =SUM(SHEET_GOL_2!D10+SHEET_GOL_1!D10) | M11: =SUM(SHEET_GOL_4!D10) | N11: =SUM(SHEET_GOL_6!D10) | O11: =SUM(SHEET_GOL_12!D10+SHEET_GOL_8!D10) | P11: =SUM(SHEET_GOL_7!D10) | Q11: =SUM(SHEET_GOL_3!D10) | R11: =SUM(SHEET_GOL_9!D10+SHEET_GOL_10!D10) | S11: =SUM(SHEET_GOL_5!E10+SHEET_GOL_11!E10) | T11: =SUM(SHEET_GOL_2!E10+SHEET_GOL_1!E10) | U11: =SUM(SHEET_GOL_4!E10) | V11: =SUM(SHEET_GOL_6!E10) | W11: =SUM(SHEET_GOL_12!E10+SHEET_GOL_8!E10) | X11: =SUM(SHEET_GOL_7!E10) | Y11: =SUM(SHEET_GOL_3!E10) | Z11: =SUM(SHEET_GOL_9!E10+SHEET_GOL_10!E10) | AA11: =SUM(SHEET_GOL_5!F10+SHEET_GOL_11!F10) | AB11: =SUM(SHEET_GOL_2!F10+SHEET_GOL_1!F10) | AC11: =SUM(SHEET_GOL_4!F10) | AD11: =SUM(SHEET_GOL_6!F10) | AE11: =SUM(SHEET_GOL_12!F10+SHEET_GOL_8!F10) | AF11: =SUM(SHEET_GOL_7!F10) | AG11: =SUM(SHEET_GOL_3!F10) | AH11: =SUM(SHEET_GOL_9!F10+SHEET_GOL_10!F10) | AI11: =SUM(SHEET_GOL_5!G10+SHEET_GOL_11!G10) | AJ11: =SUM(SHEET_GOL_2!G10+SHEET_GOL_1!G10) | AK11: =SUM(SHEET_GOL_4!G10) | AL11: =SUM(SHEET_GOL_6!G10) | AM11: =SUM(SHEET_GOL_12!G10+SHEET_GOL_8!G10) | AN11: =SUM(SHEET_GOL_7!G10) | AO11: =SUM(SHEET_GOL_3!G10) | AP11: =SUM(SHEET_GOL_9!G10+SHEET_GOL_10!G10) | AQ11: =SUM(SHEET_GOL_5!H10+SHEET_GOL_11!H10) | AR11: =SUM(SHEET_GOL_2!H10+SHEET_GOL_1!H10) | AS11: =SUM(SHEET_GOL_4!H10) | AT11: =SUM(SHEET_GOL_6!H10) | AU11: =SUM(SHEET_GOL_12!H10+SHEET_GOL_8!H10) | AV11: =SUM(SHEET_GOL_7!H10) | AW11: =SUM(SHEET_GOL_3!H10) | AX11: =SUM(SHEET_GOL_9!H10+SHEET_GOL_10!H10) | AY11: =SUM(SHEET_GOL_5!I10+SHEET_GOL_11!I10) | AZ11: =SUM(SHEET_GOL_2!I10+SHEET_GOL_1!I10) | BA11: =SUM(SHEET_GOL_4!I10) | BB11: =SUM(SHEET_GOL_6!I10) | BC11: =SUM(SHEET_GOL_12!I10+SHEET_GOL_8!I10) | BD11: =SUM(SHEET_GOL_7!I10) | BE11: =SUM(SHEET_GOL_3!I10) | BF11: =SUM(SHEET_GOL_9!I10+SHEET_GOL_10!I10)
B12: COP 10 | C12: SPARGERE BETON - FUNDATIE DRUM | D12: =SUM(F12*E12) | E12: 15.395 | F12: =SUM(J12:BF12) | G12: 0 | H12: =SUM(G12-F12) | I12: =SUM(H12*E12) | J12: =SUM(SHEET_NEFOLOSIT!C14) | K12: =SUM(SHEET_GOL_5!D11+SHEET_GOL_11!D11) | L12: =SUM(SHEET_GOL_2!D11+SHEET_GOL_1!D11) | M12: =SUM(SHEET_GOL_4!D11) | N12: =SUM(SHEET_GOL_6!D11) | O12: =SUM(SHEET_GOL_12!D11+SHEET_GOL_8!D11) | P12: =SUM(SHEET_GOL_7!D11) | Q12: =SUM(SHEET_GOL_3!D11) | R12: =SUM(SHEET_GOL_9!D11+SHEET_GOL_10!D11) | S12: =SUM(SHEET_GOL_5!E11+SHEET_GOL_11!E11) | T12: =SUM(SHEET_GOL_2!E11+SHEET_GOL_1!E11) | U12: =SUM(SHEET_GOL_4!E11) | V12: =SUM(SHEET_GOL_6!E11) | W12: =SUM(SHEET_GOL_12!E11+SHEET_GOL_8!E11) | X12: =SUM(SHEET_GOL_7!E11) | Y12: =SUM(SHEET_GOL_3!E11) | Z12: =SUM(SHEET_GOL_9!E11+SHEET_GOL_10!E11) | AA12: =SUM(SHEET_GOL_5!F11+SHEET_GOL_11!F11) | AB12: =SUM(SHEET_GOL_2!F11+SHEET_GOL_1!F11) | AC12: =SUM(SHEET_GOL_4!F11) | AD12: =SUM(SHEET_GOL_6!F11) | AE12: =SUM(SHEET_GOL_12!F11+SHEET_GOL_8!F11) | AF12: =SUM(SHEET_GOL_7!F11) | AG12: =SUM(SHEET_GOL_3!F11) | AH12: =SUM(SHEET_GOL_9!F11+SHEET_GOL_10!F11) | AI12: =SUM(SHEET_GOL_5!G11+SHEET_GOL_11!G11) | AJ12: =SUM(SHEET_GOL_2!G11+SHEET_GOL_1!G11) | AK12: =SUM(SHEET_GOL_4!G11) | AL12: =SUM(SHEET_GOL_6!G11) | AM12: =SUM(SHEET_GOL_12!G11+SHEET_GOL_8!G11) | AN12: =SUM(SHEET_GOL_7!G11) | AO12: =SUM(SHEET_GOL_3!G11) | AP12: =SUM(SHEET_GOL_9!G11+SHEET_GOL_10!G11) | AQ12: =SUM(SHEET_GOL_5!H11+SHEET_GOL_11!H11) | AR12: =SUM(SHEET_GOL_2!H11+SHEET_GOL_1!H11) | AS12: =SUM(SHEET_GOL_4!H11) | AT12: =SUM(SHEET_GOL_6!H11) | AU12: =SUM(SHEET_GOL_12!H11+SHEET_GOL_8!H11) | AV12: =SUM(SHEET_GOL_7!H11) | AW12: =SUM(SHEET_GOL_3!H11) | AX12: =SUM(SHEET_GOL_9!H11+SHEET_GOL_10!H11) | AY12: =SUM(SHEET_GOL_5!I11+SHEET_GOL_11!I11) | AZ12: =SUM(SHEET_GOL_2!I11+SHEET_GOL_1!I11) | BA12: =SUM(SHEET_GOL_4!I11) | BB12: =SUM(SHEET_GOL_6!I11) | BC12: =SUM(SHEET_GOL_12!I11+SHEET_GOL_8!I11) | BD12: =SUM(SHEET_GOL_7!I11) | BE12: =SUM(SHEET_GOL_3!I11) | BF12: =SUM(SHEET_GOL_9!I11+SHEET_GOL_10!I11)
B13: COP 11 | C13: DEMONTARE CABLU DE TELECOM DIN CONDUCTE (MANOPERA DE DEMONTARE) | D13: =SUM(F13*E13) | E13: 0.238 | F13: =SUM(J13:BF13) | G13: 0 | H13: =SUM(G13-F13) | I13: =SUM(H13*E13) | J13: =SUM(SHEET_NEFOLOSIT!C15) | K13: =SUM(SHEET_GOL_5!D12+SHEET_GOL_11!D12) | L13: =SUM(SHEET_GOL_2!D12+SHEET_GOL_1!D12) | M13: =SUM(SHEET_GOL_4!D12) | N13: =SUM(SHEET_GOL_6!D12) | O13: =SUM(SHEET_GOL_12!D12+SHEET_GOL_8!D12) | P13: =SUM(SHEET_GOL_7!D12) | Q13: =SUM(SHEET_GOL_3!D12) | R13: =SUM(SHEET_GOL_9!D12+SHEET_GOL_10!D12) | S13: =SUM(SHEET_GOL_5!E12+SHEET_GOL_11!E12) | T13: =SUM(SHEET_GOL_2!E12+SHEET_GOL_1!E12) | U13: =SUM(SHEET_GOL_4!E12) | V13: =SUM(SHEET_GOL_6!E12) | W13: =SUM(SHEET_GOL_12!E12+SHEET_GOL_8!E12) | X13: =SUM(SHEET_GOL_7!E12) | Y13: =SUM(SHEET_GOL_3!E12) | Z13: =SUM(SHEET_GOL_9!E12+SHEET_GOL_10!E12) | AA13: =SUM(SHEET_GOL_5!F12+SHEET_GOL_11!F12) | AB13: =SUM(SHEET_GOL_2!F12+SHEET_GOL_1!F12) | AC13: =SUM(SHEET_GOL_4!F12) | AD13: =SUM(SHEET_GOL_6!F12) | AE13: =SUM(SHEET_GOL_12!F12+SHEET_GOL_8!F12) | AF13: =SUM(SHEET_GOL_7!F12) | AG13: =SUM(SHEET_GOL_3!F12) | AH13: =SUM(SHEET_GOL_9!F12+SHEET_GOL_10!F12) | AI13: =SUM(SHEET_GOL_5!G12+SHEET_GOL_11!G12) | AJ13: =SUM(SHEET_GOL_2!G12+SHEET_GOL_1!G12) | AK13: =SUM(SHEET_GOL_4!G12) | AL13: =SUM(SHEET_GOL_6!G12) | AM13: =SUM(SHEET_GOL_12!G12+SHEET_GOL_8!G12) | AN13: =SUM(SHEET_GOL_7!G12) | AO13: =SUM(SHEET_GOL_3!G12) | AP13: =SUM(SHEET_GOL_9!G12+SHEET_GOL_10!G12) | AQ13: =SUM(SHEET_GOL_5!H12+SHEET_GOL_11!H12) | AR13: =SUM(SHEET_GOL_2!H12+SHEET_GOL_1!H12) | AS13: =SUM(SHEET_GOL_4!H12) | AT13: =SUM(SHEET_GOL_6!H12) | AU13: =SUM(SHEET_GOL_12!H12+SHEET_GOL_8!H12) | AV13: =SUM(SHEET_GOL_7!H12) | AW13: =SUM(SHEET_GOL_3!H12) | AX13: =SUM(SHEET_GOL_9!H12+SHEET_GOL_10!H12) | AY13: =SUM(SHEET_GOL_5!I12+SHEET_GOL_11!I12) | AZ13: =SUM(SHEET_GOL_2!I12+SHEET_GOL_1!I12) | BA13: =SUM(SHEET_GOL_4!I12) | BB13: =SUM(SHEET_GOL_6!I12) | BC13: =SUM(SHEET_GOL_12!I12+SHEET_GOL_8!I12) | BD13: =SUM(SHEET_GOL_7!I12) | BE13: =SUM(SHEET_GOL_3!I12) | BF13: =SUM(SHEET_GOL_9!I12+SHEET_GOL_10!I12)
B14: COP 12 | C14: DEMONTARE CABLU DE TELECOM DE PE ZID | D14: =SUM(F14*E14) | E14: 0.386 | F14: =SUM(J14:BF14) | G14: 0 | H14: =SUM(G14-F14) | I14: =SUM(H14*E14) | J14: =SUM(SHEET_NEFOLOSIT!C16) | K14: =SUM(SHEET_GOL_5!D13+SHEET_GOL_11!D13) | L14: =SUM(SHEET_GOL_2!D13+SHEET_GOL_1!D13) | M14: =SUM(SHEET_GOL_4!D13) | N14: =SUM(SHEET_GOL_6!D13) | O14: =SUM(SHEET_GOL_12!D13+SHEET_GOL_8!D13) | P14: =SUM(SHEET_GOL_7!D13) | Q14: =SUM(SHEET_GOL_3!D13) | R14: =SUM(SHEET_GOL_9!D13+SHEET_GOL_10!D13) | S14: =SUM(SHEET_GOL_5!E13+SHEET_GOL_11!E13) | T14: =SUM(SHEET_GOL_2!E13+SHEET_GOL_1!E13) | U14: =SUM(SHEET_GOL_4!E13) | V14: =SUM(SHEET_GOL_6!E13) | W14: =SUM(SHEET_GOL_12!E13+SHEET_GOL_8!E13) | X14: =SUM(SHEET_GOL_7!E13) | Y14: =SUM(SHEET_GOL_3!E13) | Z14: =SUM(SHEET_GOL_9!E13+SHEET_GOL_10!E13) | AA14: =SUM(SHEET_GOL_5!F13+SHEET_GOL_11!F13) | AB14: =SUM(SHEET_GOL_2!F13+SHEET_GOL_1!F13) | AC14: =SUM(SHEET_GOL_4!F13) | AD14: =SUM(SHEET_GOL_6!F13) | AE14: =SUM(SHEET_GOL_12!F13+SHEET_GOL_8!F13) | AF14: =SUM(SHEET_GOL_7!F13) | AG14: =SUM(SHEET_GOL_3!F13) | AH14: =SUM(SHEET_GOL_9!F13+SHEET_GOL_10!F13) | AI14: =SUM(SHEET_GOL_5!G13+SHEET_GOL_11!G13) | AJ14: =SUM(SHEET_GOL_2!G13+SHEET_GOL_1!G13) | AK14: =SUM(SHEET_GOL_4!G13) | AL14: =SUM(SHEET_GOL_6!G13) | AM14: =SUM(SHEET_GOL_12!G13+SHEET_GOL_8!G13) | AN14: =SUM(SHEET_GOL_7!G13) | AO14: =SUM(SHEET_GOL_3!G13) | AP14: =SUM(SHEET_GOL_9!G13+SHEET_GOL_10!G13) | AQ14: =SUM(SHEET_GOL_5!H13+SHEET_GOL_11!H13) | AR14: =SUM(SHEET_GOL_2!H13+SHEET_GOL_1!H13) | AS14: =SUM(SHEET_GOL_4!H13) | AT14: =SUM(SHEET_GOL_6!H13) | AU14: =SUM(SHEET_GOL_12!H13+SHEET_GOL_8!H13) | AV14: =SUM(SHEET_GOL_7!H13) | AW14: =SUM(SHEET_GOL_3!H13) | AX14: =SUM(SHEET_GOL_9!H13+SHEET_GOL_10!H13) | AY14: =SUM(SHEET_GOL_5!I13+SHEET_GOL_11!I13) | AZ14: =SUM(SHEET_GOL_2!I13+SHEET_GOL_1!I13) | BA14: =SUM(SHEET_GOL_4!I13) | BB14: =SUM(SHEET_GOL_6!I13) | BC14: =SUM(SHEET_GOL_12!I13+SHEET_GOL_8!I13) | BD14: =SUM(SHEET_GOL_7!I13) | BE14: =SUM(SHEET_GOL_3!I13) | BF14: =SUM(SHEET_GOL_9!I13+SHEET_GOL_10!I13)
B15: COP 13 | C15: DEMONTARE CABLU DE TELECOM. DE PE STALPI (MANOPERA DE DEMONTARE) | D15: =SUM(F15*E15) | E15: 0.178 | F15: =SUM(J15:BF15) | G15: 0 | H15: =SUM(G15-F15) | I15: =SUM(H15*E15) | J15: =SUM(SHEET_NEFOLOSIT!C17) | K15: =SUM(SHEET_GOL_5!D14+SHEET_GOL_11!D14) | L15: =SUM(SHEET_GOL_2!D14+SHEET_GOL_1!D14) | M15: =SUM(SHEET_GOL_4!D14) | N15: =SUM(SHEET_GOL_6!D14) | O15: =SUM(SHEET_GOL_12!D14+SHEET_GOL_8!D14) | P15: =SUM(SHEET_GOL_7!D14) | Q15: =SUM(SHEET_GOL_3!D14) | R15: =SUM(SHEET_GOL_9!D14+SHEET_GOL_10!D14) | S15: =SUM(SHEET_GOL_5!E14+SHEET_GOL_11!E14) | T15: =SUM(SHEET_GOL_2!E14+SHEET_GOL_1!E14) | U15: =SUM(SHEET_GOL_4!E14) | V15: =SUM(SHEET_GOL_6!E14) | W15: =SUM(SHEET_GOL_12!E14+SHEET_GOL_8!E14) | X15: =SUM(SHEET_GOL_7!E14) | Y15: =SUM(SHEET_GOL_3!E14) | Z15: =SUM(SHEET_GOL_9!E14+SHEET_GOL_10!E14) | AA15: =SUM(SHEET_GOL_5!F14+SHEET_GOL_11!F14) | AB15: =SUM(SHEET_GOL_2!F14+SHEET_GOL_1!F14) | AC15: =SUM(SHEET_GOL_4!F14) | AD15: =SUM(SHEET_GOL_6!F14) | AE15: =SUM(SHEET_GOL_12!F14+SHEET_GOL_8!F14) | AF15: =SUM(SHEET_GOL_7!F14) | AG15: =SUM(SHEET_GOL_3!F14) | AH15: =SUM(SHEET_GOL_9!F14+SHEET_GOL_10!F14) | AI15: =SUM(SHEET_GOL_5!G14+SHEET_GOL_11!G14) | AJ15: =SUM(SHEET_GOL_2!G14+SHEET_GOL_1!G14) | AK15: =SUM(SHEET_GOL_4!G14) | AL15: =SUM(SHEET_GOL_6!G14) | AM15: =SUM(SHEET_GOL_12!G14+SHEET_GOL_8!G14) | AN15: =SUM(SHEET_GOL_7!G14) | AO15: =SUM(SHEET_GOL_3!G14) | AP15: =SUM(SHEET_GOL_9!G14+SHEET_GOL_10!G14) | AQ15: =SUM(SHEET_GOL_5!H14+SHEET_GOL_11!H14) | AR15: =SUM(SHEET_GOL_2!H14+SHEET_GOL_1!H14) | AS15: =SUM(SHEET_GOL_4!H14) | AT15: =SUM(SHEET_GOL_6!H14) | AU15: =SUM(SHEET_GOL_12!H14+SHEET_GOL_8!H14) | AV15: =SUM(SHEET_GOL_7!H14) | AW15: =SUM(SHEET_GOL_3!H14) | AX15: =SUM(SHEET_GOL_9!H14+SHEET_GOL_10!H14) | AY15: =SUM(SHEET_GOL_5!I14+SHEET_GOL_11!I14) | AZ15: =SUM(SHEET_GOL_2!I14+SHEET_GOL_1!I14) | BA15: =SUM(SHEET_GOL_4!I14) | BB15: =SUM(SHEET_GOL_6!I14) | BC15: =SUM(SHEET_GOL_12!I14+SHEET_GOL_8!I14) | BD15: =SUM(SHEET_GOL_7!I14) | BE15: =SUM(SHEET_GOL_3!I14) | BF15: =SUM(SHEET_GOL_9!I14+SHEET_GOL_10!I14)
... B28: COP 29 | C28: DEMONTARE CABLU DE TELECOM (AUTOPURTAT SAU PE CABLU OTEL-STREANG) DE PE STALPI, CABLU DE OTEL-STERANG DE PE STALPI SI CIRCUITE BRIDA INSTALATE AERIAN PE STALPI (MANOPERA DE DEMONTARE) | D28: =SUM(F28*E28) | E28: 0.337 | F28: =SUM(J28:BF28) | G28: 0 | H28: =SUM(G28-F28) | I28: =SUM(H28*E28) | J28: =SUM(SHEET_NEFOLOSIT!C30) | K28: =SUM(SHEET_GOL_5!D27+SHEET_GOL_11!D27) | L28: =SUM(SHEET_GOL_2!D27+SHEET_GOL_1!D27) | M28: =SUM(SHEET_GOL_4!D27) | N28: =SUM(SHEET_GOL_6!D27) | O28: =SUM(SHEET_GOL_12!D27+SHEET_GOL_8!D27) | P28: =SUM(SHEET_GOL_7!D27) | Q28: =SUM(SHEET_GOL_3!D27) | R28: =SUM(SHEET_GOL_9!D27+SHEET_GOL_10!D27) | S28: =SUM(SHEET_GOL_5!E27+SHEET_GOL_11!E27) | T28: =SUM(SHEET_GOL_2!E27+SHEET_GOL_1!E27) | U28: =SUM(SHEET_GOL_4!E27) | V28: =SUM(SHEET_GOL_6!E27) | W28: =SUM(SHEET_GOL_12!E27+SHEET_GOL_8!E27) | X28: =SUM(SHEET_GOL_7!E27) | Y28: =SUM(SHEET_GOL_3!E27) | Z28: =SUM(SHEET_GOL_9!E27+SHEET_GOL_10!E27) | AA28: =SUM(SHEET_GOL_5!F27+SHEET_GOL_11!F27) | AB28: =SUM(SHEET_GOL_2!F27+SHEET_GOL_1!F27) | AC28: =SUM(SHEET_GOL_4!F27) | AD28: =SUM(SHEET_GOL_6!F27) | AE28: =SUM(SHEET_GOL_12!F27+SHEET_GOL_8!F27) | AF28: =SUM(SHEET_GOL_7!F27) | AG28: =SUM(SHEET_GOL_3!F27) | AH28: =SUM(SHEET_GOL_9!F27+SHEET_GOL_10!F27) | AI28: =SUM(SHEET_GOL_5!G27+SHEET_GOL_11!G27) | AJ28: =SUM(SHEET_GOL_2!G27+SHEET_GOL_1!G27) | AK28: =SUM(SHEET_GOL_4!G27) | AL28: =SUM(SHEET_GOL_6!G27) | AM28: =SUM(SHEET_GOL_12!G27+SHEET_GOL_8!G27) | AN28: =SUM(SHEET_GOL_7!G27) | AO28: =SUM(SHEET_GOL_3!G27) | AP28: =SUM(SHEET_GOL_9!G27+SHEET_GOL_10!G27) | AQ28: =SUM(SHEET_GOL_5!H27+SHEET_GOL_11!H27) | AR28: =SUM(SHEET_GOL_2!H27+SHEET_GOL_1!H27) | AS28: =SUM(SHEET_GOL_4!H27) | AT28: =SUM(SHEET_GOL_6!H27) | AU28: =SUM(SHEET_GOL_12!H27+SHEET_GOL_8!H27) | AV28: =SUM(SHEET_GOL_7!H27) | AW28: =SUM(SHEET_GOL_3!H27) | AX28: =SUM(SHEET_GOL_9!H27+SHEET_GOL_10!H27) | AY28: =SUM(SHEET_GOL_5!I27+SHEET_GOL_11!I27) | AZ28: =SUM(SHEET_GOL_2!I27+SHEET_GOL_1!I27) | BA28: =SUM(SHEET_GOL_4!I27) | BB28: =SUM(SHEET_GOL_6!I27) | BC28: =SUM(SHEET_GOL_12!I27+SHEET_GOL_8!I27) | BD28: =SUM(SHEET_GOL_7!I27) | BE28: =SUM(SHEET_GOL_3!I27) | BF28: =SUM(SHEET_GOL_9!I27+SHEET_GOL_10!I27)
C30: TOTAL | D30: =SUM(D4:D28) | I30: =SUM(I4:I29)
E36: pret / kg | F36: total
C37: Kg - 8 situatii | D37: =SUM(SHEET_GOL_1!F227+SHEET_GOL_2!F227+#REF!+SHEET_GOL_3!F227+SHEET_GOL_4!F227+SHEET_GOL_5!F227+SHEET_GOL_6!F227+SHEET_GOL_7!F227)
C38: kg - 6 situatii | D38: =SUM(SHEET_GOL_12!F227+SHEET_GOL_8!F227+SHEET_GOL_9!F227+SHEET_GOL_10!F227+SHEET_GOL_11!F228+#REF!)
C39: TOTAL kg | D39: =SUM(D37:D38) | E39: 0.02 | F39: =SUM(D39*E39)
C42: Indexare Km ? | D42: 0 | E42: 0 | F42: 0
CH47: `
A48: 26 | AV48: `
B50: 1.GIURGIU
B51: Nr. Crt | C51: Descriere articol | D51: TOTAL | E51: 46209 | F51: 46210 | G51: 46211 | H51: 46212 | I51: 46213 | J51: 46214
B52: COP 1 | C52: EPUIZAREA MECANICA A APEI CU MOTOPOMPA | D52: =SUM(E52:J52) | E52: =SUM(K4) | F52: =SUM(S4) | G52: =SUM(AA4) | H52: =SUM(AI4) | I52: =SUM(AQ4) | J52: =SUM(AY4)
B53: COP 2 | C53: REFACERI PAVAJE LA STRAZI (TOATTE MATERIALELE, TRANSPORTURILE SI MANOPERA INCLUSE) | D53: =SUM(E53:J53) | E53: =SUM(K5) | F53: =SUM(S5) | G53: =SUM(AA5) | H53: =SUM(AI5) | I53: =SUM(AQ5) | J53: =SUM(AY5)
B54: COP 3 | C54: REFACERI PAVAJE TROTUAR, ALEI PIETONALE (TOATE MATERIALELE, TRANSPORTURILE Sl MANOPERA INCLUSE) | D54: =SUM(E54:J54) | E54: =SUM(K6) | F54: =SUM(S6) | G54: =SUM(AA6) | H54: =SUM(AI6) | I54: =SUM(AQ6) | J54: =SUM(AY6)
B55: COP 4 | C55: INCHIRIERE MACARA / NACELA | D55: =SUM(E55:J55) | E55: =SUM(K7) | F55: =SUM(S7) | G55: =SUM(AA7) | H55: =SUM(AI7) | I55: =SUM(AQ7) | J55: =SUM(AY7)
B56: COP 5 | C56: TRANSPORT MATERIALE MASINA 1.5 T | D56: =SUM(E56:J56) | E56: =SUM(K8) | F56: =SUM(S8) | G56: =SUM(AA8) | H56: =SUM(AI8) | I56: =SUM(AQ8) | J56: =SUM(AY8)
B57: COP 6 | C57: TRANSPORT MATERIALE MASINA 3.5 T | D57: =SUM(E57:J57) | E57: =SUM(K9) | F57: =SUM(S9) | G57: =SUM(AA9) | H57: =SUM(AI9) | I57: =SUM(AQ9) | J57: =SUM(AY9)
B58: COP 8 | C58: TRANSPORT MATERIALE MASINA 20 T | D58: =SUM(E58:J58) | E58: =SUM(K10) | F58: =SUM(S10) | G58: =SUM(AA10) | H58: =SUM(AI10) | I58: =SUM(AQ10) | J58: =SUM(AY10)
B59: COP 9 | C59: SPARGERE BETON - CAROSABIL | D59: =SUM(E59:J59) | E59: =SUM(K11) | F59: =SUM(S11) | G59: =SUM(AA11) | H59: =SUM(AI11) | I59: =SUM(AQ11) | J59: =SUM(AY11)
B60: COP 10 | C60: SPARGERE BETON - FUNDATIE DRUM | D60: =SUM(E60:J60) | E60: =SUM(K12) | F60: =SUM(S12) | G60: =SUM(AA12) | H60: =SUM(AI12) | I60: =SUM(AQ12) | J60: =SUM(AY12)
B61: COP 11 | C61: DEMONTARE CABLU DE TELECOM DIN CONDUCTE (MANOPERA DE DEMONTARE) | D61: =SUM(E61:J61) | E61: =SUM(K13) | F61: =SUM(S13) | G61: =SUM(AA13) | H61: =SUM(AI13) | I61: =SUM(AQ13) | J61: =SUM(AY13)
B62: COP 12 | C62: DEMONTARE CABLU DE TELECOM DE PE ZID | D62: =SUM(E62:J62) | E62: =SUM(K14) | F62: =SUM(S14) | G62: =SUM(AA14) | H62: =SUM(AI14) | I62: =SUM(AQ14) | J62: =SUM(AY14)
B63: COP 13 | C63: DEMONTARE CABLU DE TELECOM. DE PE STALPI (MANOPERA DE DEMONTARE) | D63: =SUM(E63:J63) | E63: =SUM(K15) | F63: =SUM(S15) | G63: =SUM(AA15) | H63: =SUM(AI15) | I63: =SUM(AQ15) | J63: =SUM(AY15)
... B76: COP 29 | C76: DEMONTARE CABLU DE TELECOM (AUTOPURTAT SAU PE CABLU OTEL-STREANG) DE PE STALPI, CABLU DE OTEL-STERANG DE PE STALPI SI CIRCUITE BRIDA INSTALATE AERIAN PE STALPI (MANOPERA DE DEMONTARE) | D76: =SUM(E76:J76) | E76: =SUM(K28) | F76: =SUM(S28) | G76: =SUM(AA28) | H76: =SUM(AI28) | I76: =SUM(AQ28) | J76: =SUM(AY28)
B80: 2.DOLJ
B81: Nr. Crt | C81: Descriere articol | D81: TOTAL | E81: 46188 | F81: 46189 | G81: 46190 | H81: 46191 | I81: 46192 | J81: 46193
B82: COP 1 | C82: EPUIZAREA MECANICA A APEI CU MOTOPOMPA | D82: =SUM(E82:J82) | E82: =SUM(#REF!) | F82: =SUM(#REF!) | G82: =SUM(#REF!) | H82: =SUM(#REF!) | I82: =SUM(AR4) | J82: =SUM(#REF!)
B83: COP 2 | C83: REFACERI PAVAJE LA STRAZI (TOATTE MATERIALELE, TRANSPORTURILE SI MANOPERA INCLUSE) | D83: =SUM(E83:J83) | E83: =SUM(#REF!) | F83: =SUM(#REF!) | G83: =SUM(#REF!) | H83: =SUM(#REF!) | I83: =SUM(AR5) | J83: =SUM(#REF!)
B84: COP 3 | C84: REFACERI PAVAJE TROTUAR, ALEI PIETONALE (TOATE MATERIALELE, TRANSPORTURILE Sl MANOPERA INCLUSE) | D84: =SUM(E84:J84) | E84: =SUM(#REF!) | F84: =SUM(#REF!) | G84: =SUM(#REF!) | H84: =SUM(#REF!) | I84: =SUM(AR6) | J84: =SUM(#REF!)
B85: COP 4 | C85: INCHIRIERE MACARA / NACELA | D85: =SUM(E85:J85) | E85: =SUM(#REF!) | F85: =SUM(#REF!) | G85: =SUM(#REF!) | H85: =SUM(#REF!) | I85: =SUM(AR7) | J85: =SUM(#REF!)
B86: COP 5 | C86: TRANSPORT MATERIALE MASINA 1.5 T | D86: =SUM(E86:J86) | E86: =SUM(#REF!) | F86: =SUM(#REF!) | G86: =SUM(#REF!) | H86: =SUM(#REF!) | I86: =SUM(AR8) | J86: =SUM(#REF!)
B87: COP 6 | C87: TRANSPORT MATERIALE MASINA 3.5 T | D87: =SUM(E87:J87) | E87: =SUM(#REF!) | F87: =SUM(#REF!) | G87: =SUM(#REF!) | H87: =SUM(#REF!) | I87: =SUM(AR9) | J87: =SUM(#REF!)
B88: COP 8 | C88: TRANSPORT MATERIALE MASINA 20 T | D88: =SUM(E88:J88) | E88: =SUM(#REF!) | F88: =SUM(#REF!) | G88: =SUM(#REF!) | H88: =SUM(#REF!) | I88: =SUM(AR10) | J88: =SUM(#REF!)
B89: COP 9 | C89: SPARGERE BETON - CAROSABIL | D89: =SUM(E89:J89) | E89: =SUM(#REF!) | F89: =SUM(#REF!) | G89: =SUM(#REF!) | H89: =SUM(#REF!) | I89: =SUM(AR11) | J89: =SUM(#REF!)
B90: COP 10 | C90: SPARGERE BETON - FUNDATIE DRUM | D90: =SUM(E90:J90) | E90: =SUM(#REF!) | F90: =SUM(#REF!) | G90: =SUM(#REF!) | H90: =SUM(#REF!) | I90: =SUM(AR12) | J90: =SUM(#REF!)
B91: COP 11 | C91: DEMONTARE CABLU DE TELECOM DIN CONDUCTE (MANOPERA DE DEMONTARE) | D91: =SUM(E91:J91) | E91: =SUM(#REF!) | F91: =SUM(#REF!) | G91: =SUM(#REF!) | H91: =SUM(#REF!) | I91: =SUM(AR13) | J91: =SUM(#REF!)
B92: COP 12 | C92: DEMONTARE CABLU DE TELECOM DE PE ZID | D92: =SUM(E92:J92) | E92: =SUM(#REF!) | F92: =SUM(#REF!) | G92: =SUM(#REF!) | H92: =SUM(#REF!) | I92: =SUM(AR14) | J92: =SUM(#REF!)
B93: COP 13 | C93: DEMONTARE CABLU DE TELECOM. DE PE STALPI (MANOPERA DE DEMONTARE) | D93: =SUM(E93:J93) | E93: =SUM(#REF!) | F93: =SUM(#REF!) | G93: =SUM(#REF!) | H93: =SUM(#REF!) | I93: =SUM(AR15) | J93: =SUM(#REF!)
... B106: COP 29 | C106: DEMONTARE CABLU DE TELECOM (AUTOPURTAT SAU PE CABLU OTEL-STREANG) DE PE STALPI, CABLU DE OTEL-STERANG DE PE STALPI SI CIRCUITE BRIDA INSTALATE AERIAN PE STALPI (MANOPERA DE DEMONTARE) | D106: =SUM(E106:J106) | E106: =SUM(#REF!) | F106: =SUM(#REF!) | G106: =SUM(#REF!) | H106: =SUM(#REF!) | I106: =SUM(AR28) | J106: =SUM(#REF!)
B109: 3.TULCEA
B110: Nr. Crt | C110: Descriere articol | D110: TOTAL | E110: 46209 | F110: 46210 | G110: 46211 | H110: 46212 | I110: 46213 | J110: 46214
B111: COP 1 | C111: EPUIZAREA MECANICA A APEI CU MOTOPOMPA | D111: =SUM(E111:J111) | E111: =SUM(L4) | F111: =SUM(T4) | G111: =SUM(#REF!) | H111: =SUM(AJ4) | I111: =SUM(AS4) | J111: =SUM(AZ4)
B112: COP 2 | C112: REFACERI PAVAJE LA STRAZI (TOATTE MATERIALELE, TRANSPORTURILE SI MANOPERA INCLUSE) | D112: =SUM(E112:J112) | E112: =SUM(L5) | F112: =SUM(T5) | G112: =SUM(AB5) | H112: =SUM(AJ5) | I112: =SUM(AS5) | J112: =SUM(AZ5)
B113: COP 3 | C113: REFACERI PAVAJE TROTUAR, ALEI PIETONALE (TOATE MATERIALELE, TRANSPORTURILE Sl MANOPERA INCLUSE) | D113: =SUM(E113:J113) | E113: =SUM(L6) | F113: =SUM(T6) | G113: =SUM(AB6) | H113: =SUM(AJ6) | I113: =SUM(AS6) | J113: =SUM(AZ6)
B114: COP 4 | C114: INCHIRIERE MACARA / NACELA | D114: =SUM(E114:J114) | E114: =SUM(L7) | F114: =SUM(T7) | G114: =SUM(AB7) | H114: =SUM(AJ7) | I114: =SUM(AS7) | J114: =SUM(AZ7)
B115: COP 5 | C115: TRANSPORT MATERIALE MASINA 1.5 T | D115: =SUM(E115:J115) | E115: =SUM(L8) | F115: =SUM(T8) | G115: =SUM(AB8) | H115: =SUM(AJ8) | I115: =SUM(AS8) | J115: =SUM(AZ8)
B116: COP 6 | C116: TRANSPORT MATERIALE MASINA 3.5 T | D116: =SUM(E116:J116) | E116: =SUM(L9) | F116: =SUM(T9) | G116: =SUM(AB9) | H116: =SUM(AJ9) | I116: =SUM(AS9) | J116: =SUM(AZ9)
B117: COP 8 | C117: TRANSPORT MATERIALE MASINA 20 T | E117: =SUM(L10) | F117: =SUM(T10) | G117: =SUM(AB10) | H117: =SUM(AJ10) | I117: =SUM(AS10) | J117: =SUM(AZ10)
B118: COP 9 | C118: SPARGERE BETON - CAROSABIL | D118: =SUM(E118:J118) | E118: =SUM(L11) | F118: =SUM(T11) | G118: =SUM(AB11) | H118: =SUM(AJ11) | I118: =SUM(AS11) | J118: =SUM(AZ11)
B119: COP 10 | C119: SPARGERE BETON - FUNDATIE DRUM | D119: =SUM(E119:J119) | E119: =SUM(L12) | F119: =SUM(T12) | G119: =SUM(AB12) | H119: =SUM(AJ12) | I119: =SUM(AS12) | J119: =SUM(AZ12)
B120: COP 11 | C120: DEMONTARE CABLU DE TELECOM DIN CONDUCTE (MANOPERA DE DEMONTARE) | D120: =SUM(E120:J120) | E120: =SUM(L13) | F120: =SUM(T13) | G120: =SUM(AB13) | H120: =SUM(AJ13) | I120: =SUM(AS13) | J120: =SUM(AZ13)
B121: COP 12 | C121: DEMONTARE CABLU DE TELECOM DE PE ZID | D121: =SUM(E121:J121) | E121: =SUM(L14) | F121: =SUM(T14) | G121: =SUM(AB14) | H121: =SUM(AJ14) | I121: =SUM(AS14) | J121: =SUM(AZ14)
B122: COP 13 | C122: DEMONTARE CABLU DE TELECOM. DE PE STALPI (MANOPERA DE DEMONTARE) | D122: =SUM(E122:J122) | E122: =SUM(L15) | F122: =SUM(T15) | G122: =SUM(AB15) | H122: =SUM(AJ15) | I122: =SUM(AS15) | J122: =SUM(AZ15)
B123: COP 14 | C123: DEMONTARE CIRC. TC. SI CABLURI DE OTEL INST. AERIAN PE STALPI: SARMA OL ZN SAU CU | D123: =SUM(E123:J123) | E123: =SUM(L16) | F123: =SUM(T16) | G123: =SUM(AB16) | H123: =SUM(AJ16) | I123: =SUM(AS16) | J123: =SUM(AZ16)
B124: COP 15 | C124: DEMONTARE STALP DE LEMN (INCLUSIV PROPTA SI/SAU ANCORAJ) | D124: =SUM(E124:J124) | E124: =SUM(L17) | F124: =SUM(T17) | G124: =SUM(AB17) | H124: =SUM(AJ17) | I124: =SUM(AS17) | J124: =SUM(AZ17)
B125: COP 16 | C125: DEMONTARE TRAVERSA LEMN SI MAT. AUX. | D125: =SUM(E125:J125) | E125: =SUM(L18) | F125: =SUM(T18) | G125: =SUM(AB18) | H125: =SUM(AJ18) | I125: =SUM(AS18) | J125: =SUM(AZ18)
B126: COP 17 | C126: DEMONTARE CUTIE TERMINALA | D126: =SUM(E126:J126) | E126: =SUM(L19) | F126: =SUM(T19) | G126: =SUM(AB19) | H126: =SUM(AJ19) | I126: =SUM(AS19) | J126: =SUM(AZ19)
B127: COP 18 | C127: DEMONTARE APARATOARE 'U' DE CABLU | D127: =SUM(E127:J127) | E127: =SUM(L20) | F127: =SUM(T20) | G127: =SUM(AB20) | H127: =SUM(AJ20) | I127: =SUM(AS20) | J127: =SUM(AZ20)
B128: COP 20 | C128: DEMONTARE CU UTILAJ CABLU DE TELECOM DIN CONDUCTE AVAND GREUTATEA CUPRINSA INTRE 2.61-12KG/M (MANOPERA DE DEMONTARE) | D128: =SUM(E128:J128) | E128: =SUM(L21) | F128: =SUM(T21) | G128: =SUM(AB21) | H128: =SUM(AJ21) | I128: =SUM(AS21) | J128: =SUM(AZ21)
B129: COP 21 | C129: Vidanjare camine | D129: =SUM(E129:J129) | E129: =SUM(L22) | F129: =SUM(T22) | G129: =SUM(AB22) | H129: =SUM(AJ22) | I129: =SUM(AS22) | J129: =SUM(AZ22)
... B131: COP 24 | C131: INCHIRIERE buldozer | D131: =SUM(E131:J131) | E131: =SUM(L24) | F131: =SUM(T24) | G131: =SUM(AB24) | H131: =SUM(AJ24) | I131: =SUM(AS24) | J131: =SUM(AZ24)
B132: COP 26 | C132: Inchiriere TIR cu ora ( pentru perioada de stationare pana la incarcarea completa) | E132: =SUM(L25) | F132: =SUM(T25) | G132: =SUM(AB25) | H132: =SUM(AJ25) | I132: =SUM(AS25) | J132: =SUM(AZ25)
B133: COP 27 | C133: DEMONTARE CABLU DE TELECOM DE PE STALPI SI CABLU DE OTEL INSTALAT AERIAN: SARMA OL ZN SAU CU (MANOPERA DE DEMONTARE) | D133: =SUM(E133:J133) | E133: =SUM(L26) | F133: =SUM(T26) | G133: =SUM(AB26) | H133: =SUM(AJ26) | I133: =SUM(AS26) | J133: =SUM(AZ26)
B134: COP 28 | C134: DEMONTARE CABLU DE TELECOM DE PE STALPI SI CIRC. BRIDA INSTALATE AERIAN PE STALPI (MANOPERA DE DEMONTARE) | D134: =SUM(E134:J134) | E134: =SUM(L27) | F134: =SUM(T27) | G134: =SUM(AB27) | H134: =SUM(AJ27) | I134: =SUM(AS27) | J134: =SUM(AZ27)
B135: COP 29 | C135: DEMONTARE CABLU DE TELECOM (AUTOPURTAT SAU PE CABLU OTEL-STREANG) DE PE STALPI, CABLU DE OTEL-STERANG DE PE STALPI SI CIRCUITE BRIDA INSTALATE AERIAN PE STALPI (MANOPERA DE DEMONTARE) | D135: =SUM(E135:J135) | E135: =SUM(L28) | F135: =SUM(T28) | G135: =SUM(AB28) | H135: =SUM(AJ28) | I135: =SUM(AS28) | J135: =SUM(AZ28)
B139: 4. VRANCEA
B140: Nr. Crt | C140: Descriere articol | D140: TOTAL | E140: 46209 | F140: 46210 | G140: 46211 | H140: 46212 | I140: 46213 | J140: 46214
B141: COP 1 | C141: EPUIZAREA MECANICA A APEI CU MOTOPOMPA | D141: =SUM(E141:J141) | E141: =SUM(#REF!) | F141: =SUM(#REF!) | G141: =SUM(#REF!) | H141: =SUM(#REF!) | I141: =SUM(AT4) | J141: =SUM(#REF!)
B142: COP 2 | C142: REFACERI PAVAJE LA STRAZI (TOATTE MATERIALELE, TRANSPORTURILE SI MANOPERA INCLUSE) | D142: =SUM(E142:J142) | E142: =SUM(#REF!) | F142: =SUM(#REF!) | G142: =SUM(#REF!) | H142: =SUM(#REF!) | I142: =SUM(AT5) | J142: =SUM(#REF!)
B143: COP 3 | C143: REFACERI PAVAJE TROTUAR, ALEI PIETONALE (TOATE MATERIALELE, TRANSPORTURILE Sl MANOPERA INCLUSE) | D143: =SUM(E143:J143) | E143: =SUM(#REF!) | F143: =SUM(#REF!) | G143: =SUM(#REF!) | H143: =SUM(#REF!) | I143: =SUM(AT6) | J143: =SUM(#REF!)
B144: COP 4 | C144: INCHIRIERE MACARA / NACELA | D144: =SUM(E144:J144) | E144: =SUM(#REF!) | F144: =SUM(#REF!) | G144: =SUM(#REF!) | H144: =SUM(#REF!) | I144: =SUM(AT7) | J144: =SUM(#REF!)
B145: COP 5 | C145: TRANSPORT MATERIALE MASINA 1.5 T | D145: =SUM(E145:J145) | E145: =SUM(#REF!) | F145: =SUM(#REF!) | G145: =SUM(#REF!) | H145: =SUM(#REF!) | I145: =SUM(AT8) | J145: =SUM(#REF!)
B146: COP 6 | C146: TRANSPORT MATERIALE MASINA 3.5 T | D146: =SUM(E146:J146) | E146: =SUM(#REF!) | F146: =SUM(#REF!) | G146: =SUM(#REF!) | H146: =SUM(#REF!) | I146: =SUM(AT9) | J146: =SUM(#REF!)
B147: COP 8 | C147: TRANSPORT MATERIALE MASINA 20 T | D147: =SUM(E147:J147) | E147: =SUM(#REF!) | F147: =SUM(#REF!) | G147: =SUM(#REF!) | H147: =SUM(#REF!) | I147: =SUM(AT10) | J147: =SUM(#REF!)
B148: COP 9 | C148: SPARGERE BETON - CAROSABIL | D148: =SUM(E148:J148) | E148: =SUM(#REF!) | F148: =SUM(#REF!) | G148: =SUM(#REF!) | H148: =SUM(#REF!) | I148: =SUM(AT11) | J148: =SUM(#REF!)
B149: COP 10 | C149: SPARGERE BETON - FUNDATIE DRUM | D149: =SUM(E149:J149) | E149: =SUM(#REF!) | F149: =SUM(#REF!) | G149: =SUM(#REF!) | H149: =SUM(#REF!) | I149: =SUM(AT12) | J149: =SUM(#REF!)
B150: COP 11 | C150: DEMONTARE CABLU DE TELECOM DIN CONDUCTE (MANOPERA DE DEMONTARE) | D150: =SUM(E150:J150) | E150: =SUM(#REF!) | F150: =SUM(#REF!) | G150: =SUM(#REF!) | H150: =SUM(#REF!) | I150: =SUM(AT13) | J150: =SUM(#REF!)
B151: COP 12 | C151: DEMONTARE CABLU DE TELECOM DE PE ZID | D151: =SUM(E151:J151) | E151: =SUM(#REF!) | F151: =SUM(#REF!) | G151: =SUM(#REF!) | H151: =SUM(#REF!) | I151: =SUM(AT14) | J151: =SUM(#REF!)
B152: COP 13 | C152: DEMONTARE CABLU DE TELECOM. DE PE STALPI (MANOPERA DE DEMONTARE) | D152: =SUM(E152:J152) | E152: =SUM(#REF!) | F152: =SUM(#REF!) | G152: =SUM(#REF!) | H152: =SUM(#REF!) | I152: =SUM(AT15) | J152: =SUM(#REF!)
... B165: COP 29 | C165: DEMONTARE CABLU DE TELECOM (AUTOPURTAT SAU PE CABLU OTEL-STREANG) DE PE STALPI, CABLU DE OTEL-STERANG DE PE STALPI SI CIRCUITE BRIDA INSTALATE AERIAN PE STALPI (MANOPERA DE DEMONTARE) | D165: =SUM(E165:J165) | E165: =SUM(#REF!) | F165: =SUM(#REF!) | G165: =SUM(#REF!) | H165: =SUM(#REF!) | I165: =SUM(AT28) | J165: =SUM(#REF!)
B169: 5. DAMBOVITA
B170: Nr. Crt | C170: Descriere articol | D170: TOTAL | E170: 46160 | F170: 46161 | G170: 46162 | H170: 46163 | I170: 46164 | J170: 46165
B171: COP 1 | C171: EPUIZAREA MECANICA A APEI CU MOTOPOMPA | D171: =SUM(E171:J171) | E171: =SUM(#REF!) | F171: =SUM(#REF!) | G171: =SUM(#REF!) | H171: =SUM(#REF!) | I171: =SUM(AU4) | J171: =SUM(#REF!)
B172: COP 2 | C172: REFACERI PAVAJE LA STRAZI (TOATTE MATERIALELE, TRANSPORTURILE SI MANOPERA INCLUSE) | D172: =SUM(E172:J172) | E172: =SUM(#REF!) | F172: =SUM(#REF!) | G172: =SUM(#REF!) | H172: =SUM(#REF!) | I172: =SUM(AU5) | J172: =SUM(#REF!)
B173: COP 3 | C173: REFACERI PAVAJE TROTUAR, ALEI PIETONALE (TOATE MATERIALELE, TRANSPORTURILE Sl MANOPERA INCLUSE) | D173: =SUM(E173:J173) | E173: =SUM(#REF!) | F173: =SUM(#REF!) | G173: =SUM(#REF!) | H173: =SUM(#REF!) | I173: =SUM(AU6) | J173: =SUM(#REF!)
...

Sheet SHEET_NEFOLOSIT
A5: Nr. Crt | B5: Descriere articol | C5: TOTAL | D5: 46209 | E5: 46210 | F5: 46211 | G5: 46212 | H5: 46213 | I5: 46214 | J5: PRET | K5: TOTAL | N5: Nr crt | O5: Judet / Localitate | P5: Km | Q5: Ore Stationare
A6: COP 1 | B6: EPUIZAREA MECANICA A APEI CU MOTOPOMPA | C6: =SUM(D6:I6) | D6: =SUM(C37) | E6: =SUM(C65) | F6: =SUM(C93) | G6: =SUM(C121) | H6: =SUM(C149) | I6: =SUM(D178) | J6: 2.465 | K6: =SUM(C6*J6) | N6: 1 | O6: PRAHOVA / Brazi | P6: =SUM(D43+D71+D99+D127+D155) | Q6: =SUM(D58+D86+D114+D142+D170)
A7: COP 2 | B7: REFACERI PAVAJE LA STRAZI (TOATTE MATERIALELE, TRANSPORTURILE SI MANOPERA INCLUSE) | C7: =SUM(D7:I7) | D7: =SUM(C38) | E7: =SUM(C66) | F7: =SUM(C94) | G7: =SUM(C122) | H7: =SUM(C150) | I7: =SUM(D179) | J7: 49.53 | K7: =SUM(C7*J7) | N7: 2 | O7: BUZAU / Buzau | P7: =SUM(E43+E71+E99+E127+E155) | Q7: =SUM(E58+E86+E114+E142+E170+E199)
A8: COP 3 | B8: REFACERI PAVAJE TROTUAR, ALEI PIETONALE (TOATE MATERIALELE, TRANSPORTURILE Sl MANOPERA INCLUSE) | C8: =SUM(D8:I8) | D8: =SUM(C39) | E8: =SUM(C67) | F8: =SUM(C95) | G8: =SUM(C123) | H8: =SUM(C151) | I8: =SUM(D180) | J8: 21.671 | K8: =SUM(C8*J8) | N8: 3 | O8: TULCEA / Tulcea | P8: =SUM(F43+F71+F99+F127+F155) | Q8: =SUM(F58+F86+F114+F142+F170+F199)
A9: COP 4 | B9: INCHIRIERE MACARA / NACELA | C9: =SUM(D9:I9) | D9: =SUM(C40) | E9: =SUM(C68) | F9: =SUM(C96) | G9: =SUM(C124) | H9: =SUM(C152) | I9: =SUM(D181) | J9: 31.581 | K9: =SUM(C9*J9) | N9: 4 | O9: HARGHITA /Miercurea-Ciuc | P9: =SUM(G43+G71+G99+G127+G155) | Q9: =SUM(G58+G86+G114+G142+G170)
A10: COP 5 | B10: TRANSPORT MATERIALE MASINA 1.5 T | C10: =SUM(D10:I10) | D10: =SUM(C41) | E10: =SUM(C69) | F10: =SUM(C97) | G10: =SUM(C125) | H10: =SUM(C153) | I10: 0 | J10: 0.614 | K10: =SUM(C10*J10) | N10: 5 | O10: VRANCEA / Focsani | P10: =SUM(H43+H71+H99+H127+H155) | Q10: =SUM(H58+H86+H114+H142+H170+H199)
A11: COP 6 | B11: TRANSPORT MATERIALE MASINA 3.5 T | C11: =SUM(D11:I11) | D11: =SUM(C42) | E11: =SUM(C70) | F11: =SUM(C98) | G11: =SUM(C126) | H11: =SUM(C154) | I11: =SUM(D183) | J11: 0.743 | K11: =SUM(C11*J11) | N11: 6 | O11: BOTOSANI / Botosani | P11: =SUM(I43+I71+I99+I127+I155+I184) | Q11: =SUM(I58+I86+I114+I142+I170+I199)
A12: COP 8 | B12: TRANSPORT MATERIALE MASINA 20 T | C12: =SUM(D12:I12) | D12: =SUM(C43) | E12: =SUM(C71) | F12: =SUM(C99) | G12: =SUM(C127) | H12: =SUM(C155) | I12: =SUM(D184) | J12: 1.27 | K12: =SUM(C12*J12) | N12: 7 | O12: GORJ / Targu- jiu | P12: =SUM(J43+J71+J99+J127+J1550) | Q12: =SUM(J58+J86+J114+J142+J170)
A13: COP 9 | B13: SPARGERE BETON - CAROSABIL | C13: =SUM(D13:I13) | D13: =SUM(C44) | E13: =SUM(C72) | F13: =SUM(C100) | G13: =SUM(C128) | H13: =SUM(C156) | I13: =SUM(D185) | J13: 17.236 | K13: =SUM(C13*J13) | N13: 8 | O13: GIURGIU / Giurgiu | P13: =SUM(K43+K71+K99+K127+K155+K184) | Q13: =SUM(K58+K86+K114+K142+K170+K199)
A14: COP 10 | B14: SPARGERE BETON - FUNDATIE DRUM | C14: =SUM(D14:I14) | D14: =SUM(C45) | E14: =SUM(C73) | F14: =SUM(C101) | G14: =SUM(C129) | H14: =SUM(C157) | I14: =SUM(D186) | J14: 15.395 | K14: =SUM(C14*J14) | N14: 9 | P14: =SUM(L43+L71+L99+L127+L155+L184) | Q14: =SUM(L58+L86+L114+L142+L170+L199)
A15: COP 11 | B15: DEMONTARE CABLU DE TELECOM DIN CONDUCTE (MANOPERA DE DEMONTARE) | C15: =SUM(D15:I15) | D15: =SUM(C46) | E15: =SUM(C74) | F15: =SUM(C102) | G15: =SUM(C130) | H15: =SUM(C158) | I15: =SUM(D187) | J15: 0.238 | K15: =SUM(C15*J15) | N15: 10 | P15: =SUM(M43+M71+M99+M127+M155+M184) | Q15: =SUM(M58+M86+M114+M142+M170+M199)
A16: COP 12 | B16: DEMONTARE CABLU DE TELECOM DE PE ZID | C16: =SUM(D16:I16) | D16: =SUM(C47) | E16: =SUM(C75) | F16: =SUM(C103) | G16: =SUM(C131) | H16: =SUM(C159) | I16: =SUM(D188) | J16: 0.386 | K16: =SUM(C16*J16)
A17: COP 13 | B17: DEMONTARE CABLU DE TELECOM. DE PE STALPI (MANOPERA DE DEMONTARE) | C17: =SUM(D17:I17) | D17: =SUM(C48) | E17: =SUM(C76) | F17: =SUM(C104) | G17: =SUM(C132) | H17: =SUM(C160) | I17: =SUM(D189) | J17: 0.178 | K17: =SUM(C17*J17)
A18: COP 14 | B18: DEMONTARE CIRC. TC. SI CABLURI DE OTEL INST. AERIAN PE STALPI: SARMA OL ZN SAU CU | C18: =SUM(D18:I18) | D18: =SUM(C49) | E18: =SUM(C77) | F18: =SUM(C105) | G18: =SUM(C133) | H18: =SUM(C161) | I18: =SUM(D190) | J18: 0.168 | K18: =SUM(C18*J18) | N18: TOTAL | P18: =SUM(P6:P17) | Q18: =SUM(Q6:Q17)
A19: COP 15 | B19: DEMONTARE STALP DE LEMN (INCLUSIV PROPTA SI/SAU ANCORAJ) | C19: =SUM(D19:I19) | D19: =SUM(C50) | E19: =SUM(C78) | F19: =SUM(C106) | G19: =SUM(C134) | H19: =SUM(C162) | I19: =SUM(D191) | J19: 16.652 | K19: =SUM(C19*J19)
A20: COP 16 | B20: DEMONTARE TRAVERSA LEMN SI MAT. AUX. | C20: =SUM(D20:I20) | D20: =SUM(C51) | E20: =SUM(C79) | F20: =SUM(C107) | G20: =SUM(C135) | H20: =SUM(C163) | I20: =SUM(D192) | J20: 0.584 | K20: =SUM(C20*J20)
A21: COP 17 | B21: DEMONTARE CUTIE TERMINALA | C21: =SUM(D21:I21) | D21: =SUM(C52) | E21: =SUM(C80) | F21: =SUM(C108) | G21: =SUM(C136) | H21: =SUM(C164) | I21: =SUM(D193) | J21: 1.762 | K21: =SUM(C21*J21)
A22: COP 18 | B22: DEMONTARE APARATOARE 'U' DE CABLU | C22: =SUM(D22:I22) | D22: =SUM(C53) | E22: =SUM(C81) | F22: =SUM(C109) | G22: =SUM(C137) | H22: =SUM(C165) | I22: =SUM(D194) | J22: 1.535 | K22: =SUM(C22*J22)
A23: COP 20 | B23: DEMONTARE CU UTILAJ CABLU DE TELECOM DIN CONDUCTE AVAND GREUTATEA CUPRINSA INTRE 2.61-12KG/M (MANOPERA DE DEMONTARE) | C23: =SUM(D23:I23) | D23: =SUM(C54) | E23: =SUM(C82) | F23: =SUM(C110) | G23: =SUM(C138) | H23: =SUM(C166) | I23: =SUM(D195) | J23: 0.604 | K23: =SUM(C23*J23)
A24: COP 21 | B24: Vidanjare camine | C24: =SUM(D24:I24) | D24: =SUM(C55) | E24: =SUM(C83) | F24: =SUM(C111) | G24: =SUM(C139) | H24: =SUM(C167) | I24: =SUM(D196) | J24: 7.791 | K24: =SUM(C24*J24)
A25: COP 23 | B25: Asistenta Tehnica (echipa 2 tehnicieni) | C25: =SUM(D25:I25) | D25: =SUM(C56) | E25: =SUM(C84) | F25: =SUM(C112) | G25: =SUM(C140) | H25: =SUM(C168) | I25: 0 | J25: 37.62 | K25: =SUM(C25*J25)
A26: COP 24 | B26: INCHIRIERE buldozer | C26: =SUM(D26:I26) | D26: =SUM(C57) | E26: =SUM(C85) | F26: =SUM(C113) | G26: =SUM(C141) | H26: =SUM(C169) | I26: =SUM(D198) | J26: 36.808 | K26: =SUM(C26*J26)
A27: COP 26 | B27: Inchiriere TIR cu ora ( pentru perioada de stationare pana la incarcarea completa) | C27: =SUM(D27:I27) | D27: =SUM(C58) | E27: =SUM(C86) | F27: =SUM(C114) | G27: =SUM(C142) | H27: =SUM(C170) | I27: =SUM(C199) | J27: 16.305 | K27: =SUM(C27*J27)
A28: COP 27 | B28: DEMONTARE CABLU DE TELECOM DE PE STALPI SI CABLU DE OTEL INSTALAT AERIAN: SARMA OL ZN SAU CU (MANOPERA DE DEMONTARE) | C28: =SUM(D28:I28) | D28: =SUM(C59) | E28: =SUM(C87) | F28: =SUM(C115) | G28: =SUM(C143) | H28: =SUM(C171) | I28: =SUM(D200) | J28: 0.228 | K28: =SUM(C28*J28)
A29: COP 28 | B29: DEMONTARE CABLU DE TELECOM DE PE STALPI SI CIRC. BRIDA INSTALATE AERIAN PE STALPI (MANOPERA DE DEMONTARE) | C29: =SUM(D29:I29) | D29: =SUM(C60) | E29: =SUM(C88) | F29: =SUM(C116) | G29: =SUM(C144) | H29: =SUM(C172) | I29: =SUM(D201) | J29: 0.198 | K29: =SUM(C29*J29)
A30: COP 29 | B30: DEMONTARE CABLU DE TELECOM (AUTOPURTAT SAU PE CABLU OTEL-STREANG) DE PE STALPI, CABLU DE OTEL-STERANG DE PE STALPI SI CIRCUITE BRIDA INSTALATE AERIAN PE STALPI (MANOPERA DE DEMONTARE) | C30: =SUM(D30:I30) | D30: =SUM(C61) | E30: =SUM(C89) | F30: =SUM(C117) | G30: =SUM(C145) | H30: =SUM(C173) | I30: =SUM(D202) | J30: 0.337 | K30: =SUM(C30*J30)
J31: TOTAL | K31: =SUM(K6:K30)
B35: LUNI | C35: =SUM(D5)
A37: COP 1 | B37: EPUIZAREA MECANICA A APEI CU MOTOPOMPA | C37: =SUM(D37:X37)
A38: COP 2 | B38: REFACERI PAVAJE LA STRAZI (TOATTE MATERIALELE, TRANSPORTURILE SI MANOPERA INCLUSE) | C38: =SUM(D38:X38)
A39: COP 3 | B39: REFACERI PAVAJE TROTUAR, ALEI PIETONALE (TOATE MATERIALELE, TRANSPORTURILE Sl MANOPERA INCLUSE) | C39: =SUM(D39:X39)
A40: COP 4 | B40: INCHIRIERE MACARA / NACELA | C40: =SUM(D40:X40)
A41: COP 5 | B41: TRANSPORT MATERIALE MASINA 1.5 T | C41: 0
A42: COP 6 | B42: TRANSPORT MATERIALE MASINA 3.5 T | C42: =SUM(D42:X42)
A43: COP 8 | B43: TRANSPORT MATERIALE MASINA 20 T | C43: =SUM(D43:X43)
A44: COP 9 | B44: SPARGERE BETON - CAROSABIL | C44: =SUM(D44:X44)
A45: COP 10 | B45: SPARGERE BETON - FUNDATIE DRUM | C45: =SUM(D45:X45)
A46: COP 11 | B46: DEMONTARE CABLU DE TELECOM DIN CONDUCTE (MANOPERA DE DEMONTARE) | C46: =SUM(D46:X46)
A47: COP 12 | B47: DEMONTARE CABLU DE TELECOM DE PE ZID | C47: =SUM(D47:X47)
A48: COP 13 | B48: DEMONTARE CABLU DE TELECOM. DE PE STALPI (MANOPERA DE DEMONTARE) | C48: =SUM(D48:X48)
A49: COP 14 | B49: DEMONTARE CIRC. TC. SI CABLURI DE OTEL INST. AERIAN PE STALPI: SARMA OL ZN SAU CU | C49: =SUM(D49:X49)
A50: COP 15 | B50: DEMONTARE STALP DE LEMN (INCLUSIV PROPTA SI/SAU ANCORAJ) | C50: =SUM(D50:X50)
A51: COP 16 | B51: DEMONTARE TRAVERSA LEMN SI MAT. AUX. | C51: =SUM(D51:X51)
A52: COP 17 | B52: DEMONTARE CUTIE TERMINALA | C52: =SUM(D52:X52)
A53: COP 18 | B53: DEMONTARE APARATOARE 'U' DE CABLU | C53: =SUM(D53:X53)
... A55: COP 21 | B55: Vidanjare camine | C55: =SUM(D55:X55)
A56: COP 23 | B56: Asistenta Tehnica (echipa 2 tehnicieni) | C56: 0
A57: COP 24 | B57: INCHIRIERE buldozer | C57: =SUM(D57:X57)
A58: COP 26 | B58: Inchiriere TIR cu ora ( pentru perioada de stationare pana la incarcarea completa) | C58: =SUM(D58:X58)
A59: COP 27 | B59: DEMONTARE CABLU DE TELECOM DE PE STALPI SI CABLU DE OTEL INSTALAT AERIAN: SARMA OL ZN SAU CU (MANOPERA DE DEMONTARE) | C59: =SUM(D59:X59)
A60: COP 28 | B60: DEMONTARE CABLU DE TELECOM DE PE STALPI SI CIRC. BRIDA INSTALATE AERIAN PE STALPI (MANOPERA DE DEMONTARE) | C60: =SUM(D60:X60)
A61: COP 29 | B61: DEMONTARE CABLU DE TELECOM (AUTOPURTAT SAU PE CABLU OTEL-STREANG) DE PE STALPI, CABLU DE OTEL-STERANG DE PE STALPI SI CIRCUITE BRIDA INSTALATE AERIAN PE STALPI (MANOPERA DE DEMONTARE) | C61: =SUM(D61:X61)
B64: MARTI | C64: =SUM(E5)
A65: COP 1 | B65: EPUIZAREA MECANICA A APEI CU MOTOPOMPA | C65: =SUM(D65:X65)
A66: COP 2 | B66: REFACERI PAVAJE LA STRAZI (TOATTE MATERIALELE, TRANSPORTURILE SI MANOPERA INCLUSE) | C66: =SUM(D66:X66)
A67: COP 3 | B67: REFACERI PAVAJE TROTUAR, ALEI PIETONALE (TOATE MATERIALELE, TRANSPORTURILE Sl MANOPERA INCLUSE) | C67: =SUM(D67:X67)
A68: COP 4 | B68: INCHIRIERE MACARA / NACELA | C68: =SUM(D68:X68)
A69: COP 5 | B69: TRANSPORT MATERIALE MASINA 1.5 T
A70: COP 6 | B70: TRANSPORT MATERIALE MASINA 3.5 T | C70: =SUM(D70:X70)
A71: COP 8 | B71: TRANSPORT MATERIALE MASINA 20 T | C71: =SUM(D71:X71)
A72: COP 9 | B72: SPARGERE BETON - CAROSABIL | C72: =SUM(D72:X72)
A73: COP 10 | B73: SPARGERE BETON - FUNDATIE DRUM | C73: =SUM(D73:X73)
A74: COP 11 | B74: DEMONTARE CABLU DE TELECOM DIN CONDUCTE (MANOPERA DE DEMONTARE) | C74: =SUM(D74:X74)
A75: COP 12 | B75: DEMONTARE CABLU DE TELECOM DE PE ZID | C75: =SUM(D75:X75)
A76: COP 13 | B76: DEMONTARE CABLU DE TELECOM. DE PE STALPI (MANOPERA DE DEMONTARE) | C76: =SUM(D76:X76)
A77: COP 14 | B77: DEMONTARE CIRC. TC. SI CABLURI DE OTEL INST. AERIAN PE STALPI: SARMA OL ZN SAU CU | C77: =SUM(D77:X77)
A78: COP 15 | B78: DEMONTARE STALP DE LEMN (INCLUSIV PROPTA SI/SAU ANCORAJ) | C78: =SUM(D78:X78)
A79: COP 16 | B79: DEMONTARE TRAVERSA LEMN SI MAT. AUX. | C79: =SUM(D79:X79)
A80: COP 17 | B80: DEMONTARE CUTIE TERMINALA | C80: =SUM(D80:X80)
A81: COP 18 | B81: DEMONTARE APARATOARE 'U' DE CABLU | C81: =SUM(D81:X81)
... A83: COP 21 | B83: Vidanjare camine | C83: =SUM(D83:X83)
A84: COP 23 | B84: Asistenta Tehnica (echipa 2 tehnicieni)
A85: COP 24 | B85: INCHIRIERE buldozer | C85: =SUM(D85:X85)
A86: COP 26 | B86: Inchiriere TIR cu ora ( pentru perioada de stationare pana la incarcarea completa) | C86: =SUM(D86:X86)
A87: COP 27 | B87: DEMONTARE CABLU DE TELECOM DE PE STALPI SI CABLU DE OTEL INSTALAT AERIAN: SARMA OL ZN SAU CU (MANOPERA DE DEMONTARE) | C87: =SUM(D87:X87)
A88: COP 28 | B88: DEMONTARE CABLU DE TELECOM DE PE STALPI SI CIRC. BRIDA INSTALATE AERIAN PE STALPI (MANOPERA DE DEMONTARE) | C88: =SUM(D88:X88)
A89: COP 29 | B89: DEMONTARE CABLU DE TELECOM (AUTOPURTAT SAU PE CABLU OTEL-STREANG) DE PE STALPI, CABLU DE OTEL-STERANG DE PE STALPI SI CIRCUITE BRIDA INSTALATE AERIAN PE STALPI (MANOPERA DE DEMONTARE) | C89: =SUM(D89:X89)
B92: MIERCURI | C92: =SUM(F5)
A93: COP 1 | B93: EPUIZAREA MECANICA A APEI CU MOTOPOMPA | C93: =SUM(D93:X93)
A94: COP 2 | B94: REFACERI PAVAJE LA STRAZI (TOATTE MATERIALELE, TRANSPORTURILE SI MANOPERA INCLUSE) | C94: =SUM(D94:X94)
A95: COP 3 | B95: REFACERI PAVAJE TROTUAR, ALEI PIETONALE (TOATE MATERIALELE, TRANSPORTURILE Sl MANOPERA INCLUSE) | C95: =SUM(D95:X95)
A96: COP 4 | B96: INCHIRIERE MACARA / NACELA | C96: =SUM(D96:X96)
A97: COP 5 | B97: TRANSPORT MATERIALE MASINA 1.5 T
A98: COP 6 | B98: TRANSPORT MATERIALE MASINA 3.5 T | C98: =SUM(D98:X98)
A99: COP 8 | B99: TRANSPORT MATERIALE MASINA 20 T | C99: =SUM(D99:X99)
A100: COP 9 | B100: SPARGERE BETON - CAROSABIL | C100: =SUM(D100:X100)
A101: COP 10 | B101: SPARGERE BETON - FUNDATIE DRUM | C101: =SUM(D101:X101)
A102: COP 11 | B102: DEMONTARE CABLU DE TELECOM DIN CONDUCTE (MANOPERA DE DEMONTARE) | C102: =SUM(D102:X102)
A103: COP 12 | B103: DEMONTARE CABLU DE TELECOM DE PE ZID | C103: =SUM(D103:X103)
A104: COP 13 | B104: DEMONTARE CABLU DE TELECOM. DE PE STALPI (MANOPERA DE DEMONTARE) | C104: =SUM(D104:X104)
A105: COP 14 | B105: DEMONTARE CIRC. TC. SI CABLURI DE OTEL INST. AERIAN PE STALPI: SARMA OL ZN SAU CU | C105: =SUM(D105:X105)
A106: COP 15 | B106: DEMONTARE STALP DE LEMN (INCLUSIV PROPTA SI/SAU ANCORAJ) | C106: =SUM(D106:X106)
A107: COP 16 | B107: DEMONTARE TRAVERSA LEMN SI MAT. AUX. | C107: =SUM(D107:X107)
A108: COP 17 | B108: DEMONTARE CUTIE TERMINALA | C108: =SUM(D108:X108)
A109: COP 18 | B109: DEMONTARE APARATOARE 'U' DE CABLU | C109: =SUM(D109:X109)
... A111: COP 21 | B111: Vidanjare camine | C111: =SUM(D111:X111)
A112: COP 23 | B112: Asistenta Tehnica (echipa 2 tehnicieni)
A113: COP 24 | B113: INCHIRIERE buldozer | C113: =SUM(D113:X113)
A114: COP 26 | B114: Inchiriere TIR cu ora ( pentru perioada de stationare pana la incarcarea completa) | C114: =SUM(D114:X114)
A115: COP 27 | B115: DEMONTARE CABLU DE TELECOM DE PE STALPI SI CABLU DE OTEL INSTALAT AERIAN: SARMA OL ZN SAU CU (MANOPERA DE DEMONTARE) | C115: =SUM(D115:X115)
...

Sheet Popescu2- Bacau
A2: Nr. Crt | B2: Descriere articol | C2: TOTAL | D2: 46328 | E2: 46329 | F2: 46330 | G2: 46331 | H2: 46332 | I2: 46333 | J2: PRET | K2: TOTAL | W2: PRET BIS | X2: ADAOS ml | Y2: ADAOS % | Z2: ADAOS
A3: COP 1 | B3: EPUIZAREA MECANICA A APEI CU MOTOPOMPA | C3: =SUM(D3:I3) | D3: =SUM(C39) | E3: =SUM(C71) | F3: =SUM(C103) | G3: =SUM(C135) | H3: =SUM(C167) | I3: =SUM(C199) | J3: 2.09 | K3: =SUM(C3*J3) | W3: 2.49 | X3: =SUM(W3-J3) | Y3: =SUM(X3*1/W3) | Z3: =SUM(C3*X3)
A4: COP 2 | B4: REFACERI PAVAJE LA STRAZI (TOATTE MATERIALELE, TRANSPORTURILE SI MANOPERA INCLUSE) | C4: =SUM(D4:I4) | D4: =SUM(C40) | E4: =SUM(C72) | F4: =SUM(C104) | G4: =SUM(C136) | H4: =SUM(C168) | I4: =SUM(C200) | J4: 42.12 | K4: =SUM(C4*J4) | W4: 50.03 | X4: =SUM(W4-J4) | Y4: =SUM(X4*1/W4) | Z4: =SUM(C4*X4)
A5: COP 3 | B5: REFACERI PAVAJE TROTUAR, ALEI PIETONALE (TOATE MATERIALELE, TRANSPORTURILE Sl MANOPERA INCLUSE) | C5: =SUM(D5:I5) | D5: =SUM(C41) | E5: =SUM(C73) | F5: =SUM(C105) | G5: =SUM(C137) | H5: =SUM(C169) | I5: =SUM(C201) | J5: 18.43 | K5: =SUM(C5*J5) | W5: 21.89 | X5: =SUM(W5-J5) | Y5: =SUM(X5*1/W5) | Z5: =SUM(C5*X5)
A6: COP 4 | B6: INCHIRIERE MACARA / NACELA | C6: =SUM(D6:I6) | D6: =SUM(C42) | E6: =SUM(C74) | F6: =SUM(C106) | G6: =SUM(C138) | H6: =SUM(C170) | I6: =SUM(C202) | J6: 27 | K6: =SUM(C6*J6) | W6: 31.29 | X6: =SUM(W6-J6) | Y6: =SUM(X6*1/W6) | Z6: =SUM(C6*X6)
A7: COP 5 | B7: TRANSPORT MATERIALE MASINA 1.5 T | C7: =SUM(D7:I7) | D7: =SUM(C43) | E7: =SUM(C75) | F7: =SUM(C107) | G7: =SUM(C139) | H7: =SUM(C171) | I7: =SUM(C203) | J7: 0.41 | K7: =SUM(C7*J7) | W7: 0.62 | X7: =SUM(W7-J7) | Y7: =SUM(X7*1/W7) | Z7: =SUM(C7*X7)
A8: COP 6 | B8: TRANSPORT MATERIALE MASINA 3.5 T | C8: =SUM(D8:I8) | D8: =SUM(C44) | E8: =SUM(C76) | F8: =SUM(C108) | G8: =SUM(C140) | H8: =SUM(C172) | I8: =SUM(C204) | J8: 0.63 | K8: =SUM(C8*J8) | W8: 0.75 | X8: =SUM(W8-J8) | Y8: =SUM(X8*1/W8) | Z8: =SUM(C8*X8)
A9: COP 8 | B9: TRANSPORT MATERIALE MASINA 20 T | C9: =SUM(D9:I9) | D9: =SUM(C45) | E9: =SUM(C77) | F9: =SUM(C109) | G9: =SUM(C141) | H9: =SUM(C173) | I9: =SUM(C205) | J9: 1.07 | K9: =SUM(C9*J9) | W9: 1.27 | X9: =SUM(W9-J9) | Y9: =SUM(X9*1/W9) | Z9: =SUM(C9*X9)
A10: COP 9 | B10: SPARGERE BETON - CAROSABIL | C10: =SUM(D10:I10) | D10: =SUM(C46) | E10: =SUM(C78) | F10: =SUM(C110) | G10: =SUM(C142) | H10: =SUM(C174) | I10: =SUM(C206) | J10: 14.31 | K10: =SUM(C10*J10) | W10: 17.41 | X10: =SUM(W10-J10) | Y10: =SUM(X10*1/W10) | Z10: =SUM(C10*X10)
A11: COP 10 | B11: SPARGERE BETON - FUNDATIE DRUM | C11: =SUM(D11:I11) | D11: =SUM(C47) | E11: =SUM(C79) | F11: =SUM(C111) | G11: =SUM(C143) | H11: =SUM(C175) | I11: =SUM(C207) | J11: 12.45 | K11: =SUM(C11*J11) | W11: 15.55 | X11: =SUM(W11-J11) | Y11: =SUM(X11*1/W11) | Z11: =SUM(C11*X11)
A12: COP 11 | B12: DEMONTARE CABLU DIN CANALIZARE MAI MIC SAU EGAL DE 600/0.4 | C12: =SUM(D12:I12) | D12: =SUM(C48) | E12: =SUM(C80) | F12: =SUM(C112) | G12: =SUM(C144) | H12: =SUM(C176) | I12: =SUM(C208) | J12: 0.2 | K12: =SUM(C12*J12) | O12: =SUM(D12*1.25) | P12: =SUM(E12*1.25) | Q12: =SUM(F12*1.25) | R12: =SUM(G12*1.25) | S12: =SUM(H12*1.25) | T12: =SUM(I12*1.25) | W12: 0.24 | X12: =SUM(W12-J12) | Y12: =SUM(X12*1/W12) | Z12: =SUM(C12*X12)
A13: COP 12 | B13: DEMONTARE CABLU DE TELECOM DE PE ZID | C13: =SUM(D13:I13) | D13: =SUM(C49) | E13: =SUM(C81) | F13: =SUM(C113) | G13: =SUM(C145) | H13: =SUM(C177) | I13: =SUM(C209) | J13: 0.32 | K13: =SUM(C13*J13) | O13: =SUM(D13*1.3) | P13: =SUM(E13*1.3) | Q13: =SUM(F13*1.3) | R13: =SUM(G13*1.3) | S13: =SUM(H13*1.3) | T13: =SUM(I13*1.3) | W13: 0.39 | X13: =SUM(W13-J13) | Y13: =SUM(X13*1/W13) | Z13: =SUM(C13*X13)
A14: COP 13 | B14: DEMONTARE CABLU DE TELECOM. DE PE STALPI (MANOPERA DE DEMONTARE) | C14: =SUM(D14:I14) | D14: =SUM(C50) | E14: =SUM(C82) | F14: =SUM(C114) | G14: =SUM(C146) | H14: =SUM(C178) | I14: =SUM(C210) | J14: 0.15 | K14: =SUM(C14*J14) | O14: =SUM(D14) | P14: =SUM(E14) | Q14: =SUM(F14) | R14: =SUM(G14) | S14: =SUM(H14) | T14: =SUM(I14) | W14: 0.18 | X14: =SUM(W14-J14) | Y14: =SUM(X14*1/W14) | Z14: =SUM(C14*X14)
A15: COP 14 | B15: DEMONTARE STREANG SAU BRIDA SAU SARMA RADIOFICARE | C15: =SUM(D15:I15) | D15: =SUM(C51) | E15: =SUM(C83) | F15: =SUM(C115) | G15: =SUM(C147) | H15: =SUM(C179) | I15: =SUM(C211) | J15: 0.14 | K15: =SUM(C15*J15) | O15: =SUM(D15) | P15: =SUM(E15) | Q15: =SUM(F15) | R15: =SUM(G15) | S15: =SUM(H15) | T15: =SUM(I15) | W15: 0.17 | X15: =SUM(W15-J15) | Y15: =SUM(X15*1/W15) | Z15: =SUM(C15*X15)
A16: COP 15 | B16: DEMONTARE STALP DE LEMN OROC | C16: =SUM(D16:I16) | D16: =SUM(C52) | E16: =SUM(C84) | F16: =SUM(C116) | G16: =SUM(C148) | H16: =SUM(C180) | I16: =SUM(C212) | J16: 14.16 | K16: =SUM(C16*J16) | W16: 16.82 | X16: =SUM(W16-J16) | Y16: =SUM(X16*1/W16) | Z16: =SUM(C16*X16)
A17: COP 16 | B17: DEMONTARE TRAVERSA (SUPORTI RADIOFICARE) CONSOLA | C17: =SUM(D17:I17) | D17: =SUM(C53) | E17: =SUM(C85) | F17: =SUM(C117) | G17: =SUM(C149) | H17: =SUM(C181) | I17: =SUM(C213) | J17: 0.49 | K17: =SUM(C17*J17) | W17: 0.59 | X17: =SUM(W17-J17) | Y17: =SUM(X17*1/W17) | Z17: =SUM(C17*X17)
A18: COP 17 | B18: DEMONTARE CUTIE TERMINALA | C18: =SUM(D18:I18) | D18: =SUM(C54) | E18: =SUM(C86) | F18: =SUM(C118) | G18: =SUM(C150) | H18: =SUM(C182) | I18: =SUM(C214) | J18: 1.49 | K18: =SUM(C18*J18) | W18: 1.78 | X18: =SUM(W18-J18) | Y18: =SUM(X18*1/W18) | Z18: =SUM(C18*X18)
A19: COP 18 | B19: DEMONTARE APARATOARE 'U' DE CABLU (50MM) | C19: =SUM(D19:I19) | D19: =SUM(C55) | E19: =SUM(C87) | F19: =SUM(C119) | G19: =SUM(C151) | H19: =SUM(C183) | I19: =SUM(C215) | J19: 1.3 | K19: =SUM(C19*J19) | W19: 1.55 | X19: =SUM(W19-J19) | Y19: =SUM(X19*1/W19) | Z19: =SUM(C19*X19)
A20: COP 20 | B20: DEMONTARE CABLU DIN CANALIZARE MAI MARE SAU EGAL DE 600/0.6 | C20: =SUM(D20:I20) | D20: =SUM(C56) | E20: =SUM(C88) | F20: =SUM(C120) | G20: =SUM(C152) | H20: =SUM(C184) | I20: =SUM(C216) | J20: 0.51 | K20: =SUM(C20*J20) | O20: =SUM(D20*2) | P20: =SUM(E20*2) | Q20: =SUM(F20*2) | R20: =SUM(G20*2) | S20: =SUM(H20*2) | T20: =SUM(I20*2) | W20: 0.61 | X20: =SUM(W20-J20) | Y20: =SUM(X20*1/W20) | Z20: =SUM(C20*X20)
A21: COP 21 | B21: Vidanjare camine | C21: =SUM(D21:I21) | D21: =SUM(C57) | E21: =SUM(C89) | F21: =SUM(C121) | G21: =SUM(C153) | H21: =SUM(C185) | I21: =SUM(C217) | J21: 6.62 | K21: =SUM(C21*J21) | W21: 7.87 | X21: =SUM(W21-J21) | Y21: =SUM(X21*1/W21) | Z21: =SUM(C21*X21)
A22: COP 23 | B22: Asistenta Tehnica (echipa 2 tehnicieni) | C22: =SUM(D22:I22) | D22: =SUM(C58) | E22: =SUM(C90) | F22: =SUM(C122) | G22: =SUM(C154) | H22: =SUM(C186) | I22: =SUM(C218) | J22: 32 | K22: =SUM(C22*J22) | W22: 38 | X22: =SUM(W22-J22) | Y22: =SUM(X22*1/W22) | Z22: =SUM(C22*X22)
A23: COP 24 | B23: INCHIRIERE BULDOEXCAVATOR SAU UTILAJ | C23: =SUM(D23:I23) | D23: =SUM(C59) | E23: =SUM(C91) | F23: =SUM(C123) | G23: =SUM(C155) | H23: =SUM(C187) | I23: =SUM(C219) | J23: 31.31 | K23: =SUM(C23*J23) | W23: 37.18 | X23: =SUM(W23-J23) | Y23: =SUM(X23*1/W23) | Z23: =SUM(C23*X23)
A24: COP 26 | B24: Inchiriere TIR cu ora ( pentru perioada de stationare pana la incarcarea completa) | C24: =SUM(D24:I24) | D24: =SUM(C60) | E24: =SUM(C92) | F24: =SUM(C124) | G24: =SUM(C156) | H24: =SUM(C188) | I24: =SUM(C220) | J24: 13.87 | K24: =SUM(C24*J24) | N24: AERIAN : RURAL | W24: 16.47 | X24: =SUM(W24-J24) | Y24: =SUM(X24*1/W24) | Z24: =SUM(C24*X24)
A25: COP 27 | B25: DEMONTARE CABLU + STREANG | C25: =SUM(D25:I25) | D25: =SUM(C61) | E25: =SUM(C93) | F25: =SUM(C125) | G25: =SUM(C157) | H25: =SUM(C189) | I25: =SUM(C221) | J25: 0.19 | K25: =SUM(C25*J25) | O25: =SUM(D25*1.2) | P25: =SUM(E25*1.2) | Q25: =SUM(F25*1.2) | R25: =SUM(G25*1.2) | S25: =SUM(H25*1.2) | T25: =SUM(I25*1.2) | W25: 0.23 | X25: =SUM(W25-J25) | Y25: =SUM(X25*1/W25) | Z25: =SUM(C25*X25)
A26: COP 28 | B26: DEMONTARE CABLU + BRIDA SAU STREANG + BRIDA | C26: =SUM(D26:I26) | D26: =SUM(C62) | E26: =SUM(C94) | F26: =SUM(C126) | G26: =SUM(C158) | H26: =SUM(C190) | I26: =SUM(C222) | J26: 0.16 | K26: =SUM(C26*J26) | M26: Zile lucrate | N26: 5 | O26: =SUM(D26*1.1) | P26: =SUM(E26*1.1) | Q26: =SUM(F26*1.1) | R26: =SUM(G26*1.1) | S26: =SUM(H26*1.1) | T26: =SUM(I26*1.1) | W26: 0.2 | X26: =SUM(W26-J26) | Y26: =SUM(X26*1/W26) | Z26: =SUM(C26*X26)
A27: COP 29 | B27: DEMONTARE CABLU + STREANG + BRIDA | C27: =SUM(D27:I27) | D27: =SUM(C63) | E27: =SUM(C95) | F27: =SUM(C127) | G27: =SUM(C159) | H27: =SUM(C191) | I27: =SUM(C223) | J27: 0.28 | K27: =SUM(C27*J27) | M27: Persoane Media saptamanala | N27: =SUM((D66+D98+D130+D162+D194)/N26) | O27: =SUM(D27*2) | P27: =SUM(E27*2) | Q27: =SUM(F27*2) | R27: =SUM(G27*2) | S27: =SUM(H27*2) | T27: =SUM(I27*2) | W27: 0.34 | X27: =SUM(W27-J27) | Y27: =SUM(X27*1/W27) | Z27: =SUM(C27*X27)
J28: TOTAL EURO | K28: =SUM(K3:K27) | N28: TOTAL ml / zi | O28: =SUM(O3:O27) | P28: =SUM(P3:P27) | Q28: =SUM(Q3:Q27) | R28: =SUM(R3:R27) | S28: =SUM(S3:S27) | T28: =SUM(T3:T27) | W28: TOTAL ADAOS | Z28: =SUM(Z3:Z27)
J29: CURS EURO | K29: 5.2 | N29: TOTAL ml / pers. | O29: =SUM(O28/D66) | P29: =SUM(P28/D98) | Q29: =SUM(Q28/D130) | R29: =SUM(R28/D162) | S29: =SUM(S28/D194) | T29: =SUM(T28/D226)
J30: TOTAL RON | K30: =SUM(K29*K28)
J31: TVA | K31: =SUM(K30*0.21) | N31: Media zil. sapt. / pers. | O31: =SUM(O29+P29+Q29+R29+S29)/ N26
J32: TOTAL GENERAL | K32: =SUM(K30*1.21)
N34: Observatii :
B37: LUNI | C37: =SUM(D2)
A39: COP 1 | B39: EPUIZAREA MECANICA A APEI CU MOTOPOMPA | C39: =SUM(D39:X39) | D39: 0 | E39: 0 | F39: 0 | G39: 0 | H39: 0 | I39: 0 | J39: 0 | K39: 0 | L39: 0 | M39: 0 | N39: 0 | O39: 0 | P39: 0 | Q39: 0 | R39: 0 | S39: 0 | T39: 0 | U39: 0 | V39: 0 | W39: 0 | X39: 0
A40: COP 2 | B40: REFACERI PAVAJE LA STRAZI (TOATTE MATERIALELE, TRANSPORTURILE SI MANOPERA INCLUSE) | C40: =SUM(D40:X40) | D40: 0 | E40: 0 | F40: 0 | G40: 0 | H40: 0 | I40: 0 | J40: 0 | K40: 0 | L40: 0 | M40: 0 | N40: 0 | O40: 0 | P40: 0 | Q40: 0 | R40: 0 | S40: 0 | T40: 0 | U40: 0 | V40: 0 | W40: 0 | X40: 0
A41: COP 3 | B41: REFACERI PAVAJE TROTUAR, ALEI PIETONALE (TOATE MATERIALELE, TRANSPORTURILE Sl MANOPERA INCLUSE) | C41: =SUM(D41:X41) | D41: 0 | E41: 0 | F41: 0 | G41: 0 | H41: 0 | I41: 0 | J41: 0 | K41: 0 | L41: 0 | M41: 0 | N41: 0 | O41: 0 | P41: 0 | Q41: 0 | R41: 0 | S41: 0 | T41: 0 | U41: 0 | V41: 0 | W41: 0 | X41: 0
A42: COP 4 | B42: INCHIRIERE MACARA / NACELA | C42: =SUM(D42:X42) | D42: 0 | E42: 0 | F42: 0 | G42: 0 | H42: 0 | I42: 0 | J42: 0 | K42: 0 | L42: 0 | M42: 0 | N42: 0 | O42: 0 | P42: 0 | Q42: 0 | R42: 0 | S42: 0 | T42: 0 | U42: 0 | V42: 0 | W42: 0 | X42: 0
A43: COP 5 | B43: TRANSPORT MATERIALE MASINA 1.5 T | C43: =SUM(D43:X43) | D43: 0 | E43: 0 | F43: 0 | G43: 0 | H43: 0 | I43: 0 | J43: 0 | K43: 0 | L43: 0 | M43: 0 | N43: 0 | O43: 0 | P43: 0 | Q43: 0 | R43: 0 | S43: 0 | T43: 0 | U43: 0 | V43: 0 | W43: 0 | X43: 0
A44: COP 6 | B44: TRANSPORT MATERIALE MASINA 3.5 T | C44: =SUM(D44:X44) | D44: 0 | E44: 0 | F44: 0 | G44: 0 | H44: 0 | I44: 0 | J44: 0 | K44: 0 | L44: 0 | M44: 0 | N44: 0 | O44: 0 | P44: 0 | Q44: 0 | R44: 0 | S44: 0 | T44: 0 | U44: 0 | V44: 0 | W44: 0 | X44: 0
A45: COP 8 | B45: TRANSPORT MATERIALE MASINA 20 T | C45: =SUM(D45:X45) | D45: 0 | E45: 0 | F45: 0 | G45: 0 | H45: 0 | I45: 0 | J45: 0 | K45: 0 | L45: 0 | M45: 0 | N45: 0 | O45: 0 | P45: 0 | Q45: 0 | R45: 0 | S45: 0 | T45: 0 | U45: 0 | V45: 0 | W45: 0 | X45: 0
A46: COP 9 | B46: SPARGERE BETON - CAROSABIL | C46: =SUM(D46:X46) | D46: 0 | E46: 0 | F46: 0 | G46: 0 | H46: 0 | I46: 0 | J46: 0 | K46: 0 | L46: 0 | M46: 0 | N46: 0 | O46: 0 | P46: 0 | Q46: 0 | R46: 0 | S46: 0 | T46: 0 | U46: 0 | V46: 0 | W46: 0 | X46: 0
A47: COP 10 | B47: SPARGERE BETON - FUNDATIE DRUM | C47: =SUM(D47:X47) | D47: 0 | E47: 0 | F47: 0 | G47: 0 | H47: 0 | I47: 0 | J47: 0 | K47: 0 | L47: 0 | M47: 0 | N47: 0 | O47: 0 | P47: 0 | Q47: 0 | R47: 0 | S47: 0 | T47: 0 | U47: 0 | V47: 0 | W47: 0 | X47: 0
A48: COP 11 | B48: DEMONTARE CABLU DIN CANALIZARE MAI MIC SAU EGAL DE 600/0.4 | C48: =SUM(D48:X48) | D48: 0 | E48: 0 | F48: 0 | G48: 0 | H48: 0 | I48: 0 | J48: 0 | K48: 0 | L48: 0 | M48: 0 | N48: 0 | O48: 0 | P48: 0 | Q48: 0 | R48: 0 | S48: 0 | T48: 0 | U48: 0 | V48: 0 | W48: 0 | X48: 0
A49: COP 12 | B49: DEMONTARE CABLU DE TELECOM DE PE ZID | C49: =SUM(D49:X49) | D49: 0 | E49: 0 | F49: 0 | G49: 0 | H49: 0 | I49: 0 | J49: 0 | K49: 0 | L49: 0 | M49: 0 | N49: 0 | O49: 0 | P49: 0 | Q49: 0 | R49: 0 | S49: 0 | T49: 0 | U49: 0 | V49: 0 | W49: 0 | X49: 0
A50: COP 13 | B50: DEMONTARE CABLU DE TELECOM. DE PE STALPI (MANOPERA DE DEMONTARE) | C50: =SUM(D50:X50) | D50: 0 | E50: 0 | F50: 0 | G50: 0 | H50: 0 | I50: 0 | J50: 0 | K50: 0 | L50: 0 | M50: 0 | N50: 0 | O50: 0 | P50: 0 | Q50: 0 | R50: 0 | S50: 0 | T50: 0 | U50: 0 | V50: 0 | W50: 0 | X50: 0
... A63: COP 29 | B63: DEMONTARE CABLU + STREANG + BRIDA | C63: =SUM(D63:X63) | D63: 0 | E63: 0 | F63: 0 | G63: 0 | H63: 0 | I63: 0 | J63: 0 | K63: 0 | L63: 0 | M63: 0 | N63: 0 | O63: 0 | P63: 0 | Q63: 0 | R63: 0 | S63: 0 | T63: 0 | U63: 0 | V63: 0 | W63: 0 | X63: 0
B64: TOTAL CABLU | C64: =SUM(C63+C62+C61+C56+C50+C49+C48)
B66: PERSOANE
B70: MARTI | C70: =SUM(E2)
A71: COP 1 | B71: EPUIZAREA MECANICA A APEI CU MOTOPOMPA | C71: =SUM(D71:X71) | D71: 0 | E71: 0 | F71: 0 | G71: 0 | H71: 0 | I71: 0 | J71: 0 | K71: 0 | L71: 0 | M71: 0 | N71: 0 | O71: 0 | P71: 0 | Q71: 0 | R71: 0 | S71: 0 | T71: 0 | U71: 0 | V71: 0 | W71: 0 | X71: 0
A72: COP 2 | B72: REFACERI PAVAJE LA STRAZI (TOATTE MATERIALELE, TRANSPORTURILE SI MANOPERA INCLUSE) | C72: =SUM(D72:X72) | D72: 0 | E72: 0 | F72: 0 | G72: 0 | H72: 0 | I72: 0 | J72: 0 | K72: 0 | L72: 0 | M72: 0 | N72: 0 | O72: 0 | P72: 0 | Q72: 0 | R72: 0 | S72: 0 | T72: 0 | U72: 0 | V72: 0 | W72: 0 | X72: 0
A73: COP 3 | B73: REFACERI PAVAJE TROTUAR, ALEI PIETONALE (TOATE MATERIALELE, TRANSPORTURILE Sl MANOPERA INCLUSE) | C73: =SUM(D73:X73) | D73: 0 | E73: 0 | F73: 0 | G73: 0 | H73: 0 | I73: 0 | J73: 0 | K73: 0 | L73: 0 | M73: 0 | N73: 0 | O73: 0 | P73: 0 | Q73: 0 | R73: 0 | S73: 0 | T73: 0 | U73: 0 | V73: 0 | W73: 0 | X73: 0
A74: COP 4 | B74: INCHIRIERE MACARA / NACELA | C74: =SUM(D74:X74) | D74: 0 | E74: 0 | F74: 0 | G74: 0 | H74: 0 | I74: 0 | J74: 0 | K74: 0 | L74: 0 | M74: 0 | N74: 0 | O74: 0 | P74: 0 | Q74: 0 | R74: 0 | S74: 0 | T74: 0 | U74: 0 | V74: 0 | W74: 0 | X74: 0
A75: COP 5 | B75: TRANSPORT MATERIALE MASINA 1.5 T | C75: =SUM(D75:X75) | D75: 0 | E75: 0 | F75: 0 | G75: 0 | H75: 0 | I75: 0 | J75: 0 | K75: 0 | L75: 0 | M75: 0 | N75: 0 | O75: 0 | P75: 0 | Q75: 0 | R75: 0 | S75: 0 | T75: 0 | U75: 0 | V75: 0 | W75: 0 | X75: 0
A76: COP 6 | B76: TRANSPORT MATERIALE MASINA 3.5 T | C76: =SUM(D76:X76) | D76: 0 | E76: 0 | F76: 0 | G76: 0 | H76: 0 | I76: 0 | J76: 0 | K76: 0 | L76: 0 | M76: 0 | N76: 0 | O76: 0 | P76: 0 | Q76: 0 | R76: 0 | S76: 0 | T76: 0 | U76: 0 | V76: 0 | W76: 0 | X76: 0
A77: COP 8 | B77: TRANSPORT MATERIALE MASINA 20 T | C77: =SUM(D77:X77) | D77: 0 | E77: 0 | F77: 0 | G77: 0 | H77: 0 | I77: 0 | J77: 0 | K77: 0 | L77: 0 | M77: 0 | N77: 0 | O77: 0 | P77: 0 | Q77: 0 | R77: 0 | S77: 0 | T77: 0 | U77: 0 | V77: 0 | W77: 0 | X77: 0
A78: COP 9 | B78: SPARGERE BETON - CAROSABIL | C78: =SUM(D78:X78) | D78: 0 | E78: 0 | F78: 0 | G78: 0 | H78: 0 | I78: 0 | J78: 0 | K78: 0 | L78: 0 | M78: 0 | N78: 0 | O78: 0 | P78: 0 | Q78: 0 | R78: 0 | S78: 0 | T78: 0 | U78: 0 | V78: 0 | W78: 0 | X78: 0
A79: COP 10 | B79: SPARGERE BETON - FUNDATIE DRUM | C79: =SUM(D79:X79) | D79: 0 | E79: 0 | F79: 0 | G79: 0 | H79: 0 | I79: 0 | J79: 0 | K79: 0 | L79: 0 | M79: 0 | N79: 0 | O79: 0 | P79: 0 | Q79: 0 | R79: 0 | S79: 0 | T79: 0 | U79: 0 | V79: 0 | W79: 0 | X79: 0
A80: COP 11 | B80: DEMONTARE CABLU DIN CANALIZARE MAI MIC SAU EGAL DE 600/0.4 | C80: =SUM(D80:X80) | D80: 0 | E80: 0 | F80: 0 | G80: 0 | H80: 0 | I80: 0 | J80: 0 | K80: 0 | L80: 0 | M80: 0 | N80: 0 | O80: 0 | P80: 0 | Q80: 0 | R80: 0 | S80: 0 | T80: 0 | U80: 0 | V80: 0 | W80: 0 | X80: 0
A81: COP 12 | B81: DEMONTARE CABLU DE TELECOM DE PE ZID | C81: =SUM(D81:X81) | D81: 0 | E81: 0 | F81: 0 | G81: 0 | H81: 0 | I81: 0 | J81: 0 | K81: 0 | L81: 0 | M81: 0 | N81: 0 | O81: 0 | P81: 0 | Q81: 0 | R81: 0 | S81: 0 | T81: 0 | U81: 0 | V81: 0 | W81: 0 | X81: 0
A82: COP 13 | B82: DEMONTARE CABLU DE TELECOM. DE PE STALPI (MANOPERA DE DEMONTARE) | C82: =SUM(D82:X82) | D82: 0 | E82: 0 | F82: 0 | G82: 0 | H82: 0 | I82: 0 | J82: 0 | K82: 0 | L82: 0 | M82: 0 | N82: 0 | O82: 0 | P82: 0 | Q82: 0 | R82: 0 | S82: 0 | T82: 0 | U82: 0 | V82: 0 | W82: 0 | X82: 0
... A95: COP 29 | B95: DEMONTARE CABLU + STREANG + BRIDA | C95: =SUM(D95:X95) | D95: 0 | E95: 0 | F95: 0 | G95: 0 | H95: 0 | I95: 0 | J95: 0 | K95: 0 | L95: 0 | M95: 0 | N95: 0 | O95: 0 | P95: 0 | Q95: 0 | R95: 0 | S95: 0 | T95: 0 | U95: 0 | V95: 0 | W95: 0 | X95: 0
B96: TOTAL CABLU | C96: =SUM(C95+C94+C93+C88+C82+C81+C80)
B98: PERSOANE
B102: MIERCURI | C102: =SUM(F2)
A103: COP 1 | B103: EPUIZAREA MECANICA A APEI CU MOTOPOMPA | C103: =SUM(D103:X103) | D103: 0 | E103: 0 | F103: 0 | G103: 0 | H103: 0 | I103: 0 | J103: 0 | K103: 0 | L103: 0 | M103: 0 | N103: 0 | O103: 0 | P103: 0 | Q103: 0 | R103: 0 | S103: 0 | T103: 0 | U103: 0 | V103: 0 | W103: 0 | X103: 0
A104: COP 2 | B104: REFACERI PAVAJE LA STRAZI (TOATTE MATERIALELE, TRANSPORTURILE SI MANOPERA INCLUSE) | C104: =SUM(D104:X104) | D104: 0 | E104: 0 | F104: 0 | G104: 0 | H104: 0 | I104: 0 | J104: 0 | K104: 0 | L104: 0 | M104: 0 | N104: 0 | O104: 0 | P104: 0 | Q104: 0 | R104: 0 | S104: 0 | T104: 0 | U104: 0 | V104: 0 | W104: 0 | X104: 0
A105: COP 3 | B105: REFACERI PAVAJE TROTUAR, ALEI PIETONALE (TOATE MATERIALELE, TRANSPORTURILE Sl MANOPERA INCLUSE) | C105: =SUM(D105:X105) | D105: 0 | E105: 0 | F105: 0 | G105: 0 | H105: 0 | I105: 0 | J105: 0 | K105: 0 | L105: 0 | M105: 0 | N105: 0 | O105: 0 | P105: 0 | Q105: 0 | R105: 0 | S105: 0 | T105: 0 | U105: 0 | V105: 0 | W105: 0 | X105: 0
A106: COP 4 | B106: INCHIRIERE MACARA / NACELA | C106: =SUM(D106:X106) | D106: 0 | E106: 0 | F106: 0 | G106: 0 | H106: 0 | I106: 0 | J106: 0 | K106: 0 | L106: 0 | M106: 0 | N106: 0 | O106: 0 | P106: 0 | Q106: 0 | R106: 0 | S106: 0 | T106: 0 | U106: 0 | V106: 0 | W106: 0 | X106: 0
A107: COP 5 | B107: TRANSPORT MATERIALE MASINA 1.5 T | C107: =SUM(D107:X107) | D107: 0 | E107: 0 | F107: 0 | G107: 0 | H107: 0 | I107: 0 | J107: 0 | K107: 0 | L107: 0 | M107: 0 | N107: 0 | O107: 0 | P107: 0 | Q107: 0 | R107: 0 | S107: 0 | T107: 0 | U107: 0 | V107: 0 | W107: 0 | X107: 0
A108: COP 6 | B108: TRANSPORT MATERIALE MASINA 3.5 T | C108: =SUM(D108:X108) | D108: 0 | E108: 0 | F108: 0 | G108: 0 | H108: 0 | I108: 0 | J108: 0 | K108: 0 | L108: 0 | M108: 0 | N108: 0 | O108: 0 | P108: 0 | Q108: 0 | R108: 0 | S108: 0 | T108: 0 | U108: 0 | V108: 0 | W108: 0 | X108: 0
A109: COP 8 | B109: TRANSPORT MATERIALE MASINA 20 T | C109: =SUM(D109:X109) | D109: 0 | E109: 0 | F109: 0 | G109: 0 | H109: 0 | I109: 0 | J109: 0 | K109: 0 | L109: 0 | M109: 0 | N109: 0 | O109: 0 | P109: 0 | Q109: 0 | R109: 0 | S109: 0 | T109: 0 | U109: 0 | V109: 0 | W109: 0 | X109: 0
A110: COP 9 | B110: SPARGERE BETON - CAROSABIL | C110: =SUM(D110:X110) | D110: 0 | E110: 0 | F110: 0 | G110: 0 | H110: 0 | I110: 0 | J110: 0 | K110: 0 | L110: 0 | M110: 0 | N110: 0 | O110: 0 | P110: 0 | Q110: 0 | R110: 0 | S110: 0 | T110: 0 | U110: 0 | V110: 0 | W110: 0 | X110: 0
A111: COP 10 | B111: SPARGERE BETON - FUNDATIE DRUM | C111: =SUM(D111:X111) | D111: 0 | E111: 0 | F111: 0 | G111: 0 | H111: 0 | I111: 0 | J111: 0 | K111: 0 | L111: 0 | M111: 0 | N111: 0 | O111: 0 | P111: 0 | Q111: 0 | R111: 0 | S111: 0 | T111: 0 | U111: 0 | V111: 0 | W111: 0 | X111: 0
A112: COP 11 | B112: DEMONTARE CABLU DIN CANALIZARE MAI MIC SAU EGAL DE 600/0.4 | C112: =SUM(D112:X112) | D112: 0 | E112: 0 | F112: 0 | G112: 0 | H112: 0 | I112: 0 | J112: 0 | K112: 0 | L112: 0 | M112: 0 | N112: 0 | O112: 0 | P112: 0 | Q112: 0 | R112: 0 | S112: 0 | T112: 0 | U112: 0 | V112: 0 | W112: 0 | X112: 0
A113: COP 12 | B113: DEMONTARE CABLU DE TELECOM DE PE ZID | C113: =SUM(D113:X113) | D113: 0 | E113: 0 | F113: 0 | G113: 0 | H113: 0 | I113: 0 | J113: 0 | K113: 0 | L113: 0 | M113: 0 | N113: 0 | O113: 0 | P113: 0 | Q113: 0 | R113: 0 | S113: 0 | T113: 0 | U113: 0 | V113: 0 | W113: 0 | X113: 0
A114: COP 13 | B114: DEMONTARE CABLU DE TELECOM. DE PE STALPI (MANOPERA DE DEMONTARE) | C114: =SUM(D114:X114) | D114: 0 | E114: 0 | F114: 0 | G114: 0 | H114: 0 | I114: 0 | J114: 0 | K114: 0 | L114: 0 | M114: 0 | N114: 0 | O114: 0 | P114: 0 | Q114: 0 | R114: 0 | S114: 0 | T114: 0 | U114: 0 | V114: 0 | W114: 0 | X114: 0
... A127: COP 29 | B127: DEMONTARE CABLU + STREANG + BRIDA | C127: =SUM(D127:X127) | D127: 0 | E127: 0 | F127: 0 | G127: 0 | H127: 0 | I127: 0 | J127: 0 | K127: 0 | L127: 0 | M127: 0 | N127: 0 | O127: 0 | P127: 0 | Q127: 0 | R127: 0 | S127: 0 | T127: 0 | U127: 0 | V127: 0 | W127: 0 | X127: 0
B128: TOTAL CABLU | C128: =SUM(C127+C126+C125+C120+C114+C113+C112)
B130: PERSOANE
B134: JOI | C134: =SUM(G2)
A135: COP 1 | B135: EPUIZAREA MECANICA A APEI CU MOTOPOMPA | C135: =SUM(D135:X135) | D135: 5 | E135: 0 | F135: 0 | G135: 0 | H135: 0 | I135: 0 | J135: 0 | K135: 0 | L135: 0 | M135: 0 | N135: 0 | O135: 0 | P135: 0 | Q135: 0 | R135: 0 | S135: 0 | T135: 0 | U135: 0 | V135: 0 | W135: 0 | X135: 0
A136: COP 2 | B136: REFACERI PAVAJE LA STRAZI (TOATTE MATERIALELE, TRANSPORTURILE SI MANOPERA INCLUSE) | C136: =SUM(D136:X136) | D136: 3 | E136: 0 | F136: 0 | G136: 0 | H136: 0 | I136: 0 | J136: 0 | K136: 0 | L136: 0 | M136: 0 | N136: 0 | O136: 0 | P136: 0 | Q136: 0 | R136: 0 | S136: 0 | T136: 0 | U136: 0 | V136: 0 | W136: 0 | X136: 0
A137: COP 3 | B137: REFACERI PAVAJE TROTUAR, ALEI PIETONALE (TOATE MATERIALELE, TRANSPORTURILE Sl MANOPERA INCLUSE) | C137: =SUM(D137:X137) | D137: 0 | E137: 0 | F137: 0 | G137: 0 | H137: 0 | I137: 0 | J137: 0 | K137: 0 | L137: 0 | M137: 0 | N137: 0 | O137: 0 | P137: 0 | Q137: 0 | R137: 0 | S137: 0 | T137: 0 | U137: 0 | V137: 0 | W137: 0 | X137: 0
A138: COP 4 | B138: INCHIRIERE MACARA / NACELA | C138: =SUM(D138:X138) | D138: 0 | E138: 0 | F138: 0 | G138: 0 | H138: 0 | I138: 0 | J138: 0 | K138: 0 | L138: 0 | M138: 0 | N138: 0 | O138: 0 | P138: 0 | Q138: 0 | R138: 0 | S138: 0 | T138: 0 | U138: 0 | V138: 0 | W138: 0 | X138: 0
A139: COP 5 | B139: TRANSPORT MATERIALE MASINA 1.5 T | C139: =SUM(D139:X139) | D139: 0 | E139: 0 | F139: 0 | G139: 0 | H139: 0 | I139: 0 | J139: 0 | K139: 0 | L139: 0 | M139: 0 | N139: 0 | O139: 0 | P139: 0 | Q139: 0 | R139: 0 | S139: 0 | T139: 0 | U139: 0 | V139: 0 | W139: 0 | X139: 0
A140: COP 6 | B140: TRANSPORT MATERIALE MASINA 3.5 T | C140: =SUM(D140:X140) | D140: 35 | E140: 0 | F140: 0 | G140: 0 | H140: 0 | I140: 0 | J140: 0 | K140: 0 | L140: 0 | M140: 0 | N140: 0 | O140: 0 | P140: 0 | Q140: 0 | R140: 0 | S140: 0 | T140: 0 | U140: 0 | V140: 0 | W140: 0 | X140: 0
A141: COP 8 | B141: TRANSPORT MATERIALE MASINA 20 T | C141: =SUM(D141:X141) | D141: 80 | E141: 100 | F141: 60 | G141: 0 | H141: 0 | I141: 0 | J141: 0 | K141: 0 | L141: 0 | M141: 0 | N141: 0 | O141: 0 | P141: 0 | Q141: 0 | R141: 0 | S141: 0 | T141: 0 | U141: 0 | V141: 0 | W141: 0 | X141: 0
A142: COP 9 | B142: SPARGERE BETON - CAROSABIL | C142: =SUM(D142:X142) | D142: 0 | E142: 0 | F142: 0 | G142: 0 | H142: 0 | I142: 0 | J142: 0 | K142: 0 | L142: 0 | M142: 0 | N142: 0 | O142: 0 | P142: 0 | Q142: 0 | R142: 0 | S142: 0 | T142: 0 | U142: 0 | V142: 0 | W142: 0 | X142: 0
A143: COP 10 | B143: SPARGERE BETON - FUNDATIE DRUM | C143: =SUM(D143:X143) | D143: 0 | E143: 0 | F143: 0 | G143: 0 | H143: 0 | I143: 0 | J143: 0 | K143: 0 | L143: 0 | M143: 0 | N143: 0 | O143: 0 | P143: 0 | Q143: 0 | R143: 0 | S143: 0 | T143: 0 | U143: 0 | V143: 0 | W143: 0 | X143: 0
A144: COP 11 | B144: DEMONTARE CABLU DIN CANALIZARE MAI MIC SAU EGAL DE 600/0.4 | C144: =SUM(D144:X144) | D144: 1200 | E144: 360 | F144: 231 | G144: 0 | H144: 0 | I144: 0 | J144: 0 | K144: 0 | L144: 0 | M144: 0 | N144: 0 | O144: 0 | P144: 0 | Q144: 0 | R144: 0 | S144: 0 | T144: 0 | U144: 0 | V144: 0 | W144: 0 | X144: 0
A145: COP 12 | B145: DEMONTARE CABLU DE TELECOM DE PE ZID | C145: =SUM(D145:X145) | D145: 0 | E145: 0 | F145: 0 | G145: 0 | H145: 0 | I145: 0 | J145: 0 | K145: 0 | L145: 0 | M145: 0 | N145: 0 | O145: 0 | P145: 0 | Q145: 0 | R145: 0 | S145: 0 | T145: 0 | U145: 0 | V145: 0 | W145: 0 | X145: 0
A146: COP 13 | B146: DEMONTARE CABLU DE TELECOM. DE PE STALPI (MANOPERA DE DEMONTARE) | C146: =SUM(D146:X146) | D146: 0 | E146: 0 | F146: 0 | G146: 0 | H146: 0 | I146: 0 | J146: 0 | K146: 0 | L146: 0 | M146: 0 | N146: 0 | O146: 0 | P146: 0 | Q146: 0 | R146: 0 | S146: 0 | T146: 0 | U146: 0 | V146: 0 | W146: 0 | X146: 0
... A159: COP 29 | B159: DEMONTARE CABLU + STREANG + BRIDA | C159: =SUM(D159:X159) | D159: 0 | E159: 0 | F159: 0 | G159: 0 | H159: 0 | I159: 0 | J159: 0 | K159: 0 | L159: 0 | M159: 0 | N159: 0 | O159: 0 | P159: 0 | Q159: 0 | R159: 0 | S159: 0 | T159: 0 | U159: 0 | V159: 0 | W159: 0 | X159: 0
B160: TOTAL CABLU | C160: =SUM(C159+C158+C157+C152+C146+C145+C144)
B162: PERSOANE
B166: VINERI | C166: =SUM(H2)
A167: COP 1 | B167: EPUIZAREA MECANICA A APEI CU MOTOPOMPA | C167: =SUM(D167:X167) | D167: 0 | E167: 0 | F167: 0 | G167: 0 | H167: 0 | I167: 0 | J167: 0 | K167: 0 | L167: 0 | M167: 0 | N167: 0 | O167: 0 | P167: 0 | Q167: 0 | R167: 0 | S167: 0 | T167: 0 | U167: 0 | V167: 0 | W167: 0 | X167: 0
A168: COP 2 | B168: REFACERI PAVAJE LA STRAZI (TOATTE MATERIALELE, TRANSPORTURILE SI MANOPERA INCLUSE) | C168: =SUM(D168:X168) | D168: 0 | E168: 0 | F168: 0 | G168: 0 | H168: 0 | I168: 0 | J168: 0 | K168: 0 | L168: 0 | M168: 0 | N168: 0 | O168: 0 | P168: 0 | Q168: 0 | R168: 0 | S168: 0 | T168: 0 | U168: 0 | V168: 0 | W168: 0 | X168: 0
A169: COP 3 | B169: REFACERI PAVAJE TROTUAR, ALEI PIETONALE (TOATE MATERIALELE, TRANSPORTURILE Sl MANOPERA INCLUSE) | C169: =SUM(D169:X169) | D169: 0 | E169: 0 | F169: 0 | G169: 0 | H169: 0 | I169: 0 | J169: 0 | K169: 0 | L169: 0 | M169: 0 | N169: 0 | O169: 0 | P169: 0 | Q169: 0 | R169: 0 | S169: 0 | T169: 0 | U169: 0 | V169: 0 | W169: 0 | X169: 0
...

Sheet SHEET_GOL_2
A2: Nr. Crt | B2: Descriere articol | C2: TOTAL | D2: 46209 | E2: 46210 | F2: 46211 | G2: 46212 | H2: 46213 | I2: 46214 | J2: PRET | K2: TOTAL | W2: PRET BIS | X2: ADAOS ml | Y2: ADAOS % | Z2: ADAOS
A3: COP 1 | B3: EPUIZAREA MECANICA A APEI CU MOTOPOMPA | C3: =SUM(D3:I3) | D3: =SUM(C39) | E3: =SUM(C71) | F3: =SUM(C103) | G3: =SUM(C135) | H3: =SUM(C167) | I3: =SUM(C199) | J3: 2.09 | K3: =SUM(C3*J3) | W3: 2.49 | X3: =SUM(W3-J3) | Y3: =SUM(X3*1/W3) | Z3: =SUM(C3*X3)
A4: COP 2 | B4: REFACERI PAVAJE LA STRAZI (TOATTE MATERIALELE, TRANSPORTURILE SI MANOPERA INCLUSE) | C4: =SUM(D4:I4) | D4: =SUM(C40) | E4: =SUM(C72) | F4: =SUM(C104) | G4: =SUM(C136) | H4: =SUM(C168) | I4: =SUM(C200) | J4: 42.12 | K4: =SUM(C4*J4) | W4: 50.03 | X4: =SUM(W4-J4) | Y4: =SUM(X4*1/W4) | Z4: =SUM(C4*X4)
A5: COP 3 | B5: REFACERI PAVAJE TROTUAR, ALEI PIETONALE (TOATE MATERIALELE, TRANSPORTURILE Sl MANOPERA INCLUSE) | C5: =SUM(D5:I5) | D5: =SUM(C41) | E5: =SUM(C73) | F5: =SUM(C105) | G5: =SUM(C137) | H5: =SUM(C169) | I5: =SUM(C201) | J5: 18.43 | K5: =SUM(C5*J5) | W5: 21.89 | X5: =SUM(W5-J5) | Y5: =SUM(X5*1/W5) | Z5: =SUM(C5*X5)
A6: COP 4 | B6: INCHIRIERE MACARA / NACELA | C6: =SUM(D6:I6) | D6: =SUM(C42) | E6: =SUM(C74) | F6: =SUM(C106) | G6: =SUM(C138) | H6: =SUM(C170) | I6: =SUM(C202) | J6: 27 | K6: =SUM(C6*J6) | W6: 31.29 | X6: =SUM(W6-J6) | Y6: =SUM(X6*1/W6) | Z6: =SUM(C6*X6)
A7: COP 5 | B7: TRANSPORT MATERIALE MASINA 1.5 T | C7: =SUM(D7:I7) | D7: =SUM(C43) | E7: =SUM(C75) | F7: =SUM(C107) | G7: =SUM(C139) | H7: =SUM(C171) | I7: =SUM(C203) | J7: 0.41 | K7: =SUM(C7*J7) | W7: 0.62 | X7: =SUM(W7-J7) | Y7: =SUM(X7*1/W7) | Z7: =SUM(C7*X7)
A8: COP 6 | B8: TRANSPORT MATERIALE MASINA 3.5 T | C8: =SUM(D8:I8) | D8: =SUM(C44) | E8: =SUM(C76) | F8: =SUM(C108) | G8: =SUM(C140) | H8: =SUM(C172) | I8: =SUM(C204) | J8: 0.63 | K8: =SUM(C8*J8) | W8: 0.75 | X8: =SUM(W8-J8) | Y8: =SUM(X8*1/W8) | Z8: =SUM(C8*X8)
A9: COP 8 | B9: TRANSPORT MATERIALE MASINA 20 T | C9: =SUM(D9:I9) | D9: =SUM(C45) | E9: =SUM(C77) | F9: =SUM(C109) | G9: =SUM(C141) | H9: =SUM(C173) | I9: =SUM(C205) | J9: 1.07 | K9: =SUM(C9*J9) | W9: 1.27 | X9: =SUM(W9-J9) | Y9: =SUM(X9*1/W9) | Z9: =SUM(C9*X9)
A10: COP 9 | B10: SPARGERE BETON - CAROSABIL | C10: =SUM(D10:I10) | D10: =SUM(C46) | E10: =SUM(C78) | F10: =SUM(C110) | G10: =SUM(C142) | H10: =SUM(C174) | I10: =SUM(C206) | J10: 14.31 | K10: =SUM(C10*J10) | W10: 17.41 | X10: =SUM(W10-J10) | Y10: =SUM(X10*1/W10) | Z10: =SUM(C10*X10)
A11: COP 10 | B11: SPARGERE BETON - FUNDATIE DRUM | C11: =SUM(D11:I11) | D11: =SUM(C47) | E11: =SUM(C79) | F11: =SUM(C111) | G11: =SUM(C143) | H11: =SUM(C175) | I11: =SUM(C207) | J11: 12.45 | K11: =SUM(C11*J11) | W11: 15.55 | X11: =SUM(W11-J11) | Y11: =SUM(X11*1/W11) | Z11: =SUM(C11*X11)
A12: COP 11 | B12: DEMONTARE CABLU DIN CANALIZARE MAI MIC SAU EGAL DE 600/0.4 | C12: =SUM(D12:I12) | D12: =SUM(C48) | E12: =SUM(C80) | F12: =SUM(C112) | G12: =SUM(C144) | H12: =SUM(C176) | I12: =SUM(C208) | J12: 0.2 | K12: =SUM(C12*J12) | O12: =SUM(D12*1.25) | P12: =SUM(E12*1.25) | Q12: =SUM(F12*1.25) | R12: =SUM(G12*1.25) | S12: =SUM(H12*1.25) | T12: =SUM(I12*1.25) | W12: 0.24 | X12: =SUM(W12-J12) | Y12: =SUM(X12*1/W12) | Z12: =SUM(C12*X12)
A13: COP 12 | B13: DEMONTARE CABLU DE TELECOM DE PE ZID | C13: =SUM(D13:I13) | D13: =SUM(C49) | E13: =SUM(C81) | F13: =SUM(C113) | G13: =SUM(C145) | H13: =SUM(C177) | I13: =SUM(C209) | J13: 0.32 | K13: =SUM(C13*J13) | O13: =SUM(D13*1.3) | P13: =SUM(E13*1.3) | Q13: =SUM(F13*1.3) | R13: =SUM(G13*1.3) | S13: =SUM(H13*1.3) | T13: =SUM(I13*1.3) | W13: 0.39 | X13: =SUM(W13-J13) | Y13: =SUM(X13*1/W13) | Z13: =SUM(C13*X13)
A14: COP 13 | B14: DEMONTARE CABLU DE TELECOM. DE PE STALPI (MANOPERA DE DEMONTARE) | C14: =SUM(D14:I14) | D14: =SUM(C50) | E14: =SUM(C82) | F14: =SUM(C114) | G14: =SUM(C146) | H14: =SUM(C178) | I14: =SUM(C210) | J14: 0.15 | K14: =SUM(C14*J14) | O14: =SUM(D14) | P14: =SUM(E14) | Q14: =SUM(F14) | R14: =SUM(G14) | S14: =SUM(H14) | T14: =SUM(I14) | W14: 0.18 | X14: =SUM(W14-J14) | Y14: =SUM(X14*1/W14) | Z14: =SUM(C14*X14)
A15: COP 14 | B15: DEMONTARE STREANG SAU BRIDA SAU SARMA RADIOFICARE | C15: =SUM(D15:I15) | D15: =SUM(C51) | E15: =SUM(C83) | F15: =SUM(C115) | G15: =SUM(C147) | H15: =SUM(C179) | I15: =SUM(C211) | J15: 0.14 | K15: =SUM(C15*J15) | O15: =SUM(D15) | P15: =SUM(E15) | Q15: =SUM(F15) | R15: =SUM(G15) | S15: =SUM(H15) | T15: =SUM(I15) | W15: 0.17 | X15: =SUM(W15-J15) | Y15: =SUM(X15*1/W15) | Z15: =SUM(C15*X15)
A16: COP 15 | B16: DEMONTARE STALP DE LEMN OROC | C16: =SUM(D16:I16) | D16: =SUM(C52) | E16: =SUM(C84) | F16: =SUM(C116) | G16: =SUM(C148) | H16: =SUM(C180) | I16: =SUM(C212) | J16: 14.16 | K16: =SUM(C16*J16) | W16: 16.82 | X16: =SUM(W16-J16) | Y16: =SUM(X16*1/W16) | Z16: =SUM(C16*X16)
A17: COP 16 | B17: DEMONTARE TRAVERSA (SUPORTI RADIOFICARE) CONSOLA | C17: =SUM(D17:I17) | D17: =SUM(C53) | E17: =SUM(C85) | F17: =SUM(C117) | G17: =SUM(C149) | H17: =SUM(C181) | I17: =SUM(C213) | J17: 0.49 | K17: =SUM(C17*J17) | W17: 0.59 | X17: =SUM(W17-J17) | Y17: =SUM(X17*1/W17) | Z17: =SUM(C17*X17)
A18: COP 17 | B18: DEMONTARE CUTIE TERMINALA | C18: =SUM(D18:I18) | D18: =SUM(C54) | E18: =SUM(C86) | F18: =SUM(C118) | G18: =SUM(C150) | H18: =SUM(C182) | I18: =SUM(C214) | J18: 1.49 | K18: =SUM(C18*J18) | W18: 1.78 | X18: =SUM(W18-J18) | Y18: =SUM(X18*1/W18) | Z18: =SUM(C18*X18)
A19: COP 18 | B19: DEMONTARE APARATOARE 'U' DE CABLU (50MM) | C19: =SUM(D19:I19) | D19: =SUM(C55) | E19: =SUM(C87) | F19: =SUM(C119) | G19: =SUM(C151) | H19: =SUM(C183) | I19: =SUM(C215) | J19: 1.3 | K19: =SUM(C19*J19) | W19: 1.55 | X19: =SUM(W19-J19) | Y19: =SUM(X19*1/W19) | Z19: =SUM(C19*X19)
A20: COP 20 | B20: DEMONTARE CABLU DIN CANALIZARE MAI MARE SAU EGAL DE 600/0.6 | C20: =SUM(D20:I20) | D20: =SUM(C56) | E20: =SUM(C88) | F20: =SUM(C120) | G20: =SUM(C152) | H20: =SUM(C184) | I20: =SUM(C216) | J20: 0.51 | K20: =SUM(C20*J20) | O20: =SUM(D20*2) | P20: =SUM(E20*2) | Q20: =SUM(F20*2) | R20: =SUM(G20*2) | S20: =SUM(H20*2) | T20: =SUM(I20*2) | W20: 0.61 | X20: =SUM(W20-J20) | Y20: =SUM(X20*1/W20) | Z20: =SUM(C20*X20)
A21: COP 21 | B21: Vidanjare camine | C21: =SUM(D21:I21) | D21: =SUM(C57) | E21: =SUM(C89) | F21: =SUM(C121) | G21: =SUM(C153) | H21: =SUM(C185) | I21: =SUM(C217) | J21: 6.62 | K21: =SUM(C21*J21) | W21: 7.87 | X21: =SUM(W21-J21) | Y21: =SUM(X21*1/W21) | Z21: =SUM(C21*X21)
A22: COP 23 | B22: Asistenta Tehnica (echipa 2 tehnicieni) | C22: =SUM(D22:I22) | D22: =SUM(C58) | E22: =SUM(C90) | F22: =SUM(C122) | G22: =SUM(C154) | H22: =SUM(C186) | I22: =SUM(C218) | J22: 32 | K22: =SUM(C22*J22) | W22: 38 | X22: =SUM(W22-J22) | Y22: =SUM(X22*1/W22) | Z22: =SUM(C22*X22)
A23: COP 24 | B23: INCHIRIERE BULDOEXCAVATOR SAU UTILAJ | C23: =SUM(D23:I23) | D23: =SUM(C59) | E23: =SUM(C91) | F23: =SUM(C123) | G23: =SUM(C155) | H23: =SUM(C187) | I23: =SUM(C219) | J23: 31.31 | K23: =SUM(C23*J23) | W23: 37.18 | X23: =SUM(W23-J23) | Y23: =SUM(X23*1/W23) | Z23: =SUM(C23*X23)
A24: COP 26 | B24: Inchiriere TIR cu ora ( pentru perioada de stationare pana la incarcarea completa) | C24: =SUM(D24:I24) | D24: =SUM(C60) | E24: =SUM(C92) | F24: =SUM(C124) | G24: =SUM(C156) | H24: =SUM(C188) | I24: =SUM(C220) | J24: 13.87 | K24: =SUM(C24*J24) | N24: AERIAN : RURAL | W24: 16.47 | X24: =SUM(W24-J24) | Y24: =SUM(X24*1/W24) | Z24: =SUM(C24*X24)
A25: COP 27 | B25: DEMONTARE CABLU + STREANG | C25: =SUM(D25:I25) | D25: =SUM(C61) | E25: =SUM(C93) | F25: =SUM(C125) | G25: =SUM(C157) | H25: =SUM(C189) | I25: =SUM(C221) | J25: 0.19 | K25: =SUM(C25*J25) | O25: =SUM(D25*1.2) | P25: =SUM(E25*1.2) | Q25: =SUM(F25*1.2) | R25: =SUM(G25*1.2) | S25: =SUM(H25*1.2) | T25: =SUM(I25*1.2) | W25: 0.23 | X25: =SUM(W25-J25) | Y25: =SUM(X25*1/W25) | Z25: =SUM(C25*X25)
A26: COP 28 | B26: DEMONTARE CABLU + BRIDA SAU STREANG + BRIDA | C26: =SUM(D26:I26) | D26: =SUM(C62) | E26: =SUM(C94) | F26: =SUM(C126) | G26: =SUM(C158) | H26: =SUM(C190) | I26: =SUM(C222) | J26: 0.16 | K26: =SUM(C26*J26) | M26: Zile lucrate | N26: 5 | O26: =SUM(D26*1.1) | P26: =SUM(E26*1.1) | Q26: =SUM(F26*1.1) | R26: =SUM(G26*1.1) | S26: =SUM(H26*1.1) | T26: =SUM(I26*1.1) | W26: 0.2 | X26: =SUM(W26-J26) | Y26: =SUM(X26*1/W26) | Z26: =SUM(C26*X26)
A27: COP 29 | B27: DEMONTARE CABLU + STREANG + BRIDA | C27: =SUM(D27:I27) | D27: =SUM(C63) | E27: =SUM(C95) | F27: =SUM(C127) | G27: =SUM(C159) | H27: =SUM(C191) | I27: =SUM(C223) | J27: 0.28 | K27: =SUM(C27*J27) | M27: Persoane Media saptamanala | N27: =SUM((D66+D98+D130+D162+D194)/N26) | O27: =SUM(D27*2) | P27: =SUM(E27*2) | Q27: =SUM(F27*2) | R27: =SUM(G27*2) | S27: =SUM(H27*2) | T27: =SUM(I27*2) | W27: 0.34 | X27: =SUM(W27-J27) | Y27: =SUM(X27*1/W27) | Z27: =SUM(C27*X27)
J28: TOTAL EURO | K28: =SUM(K3:K27) | N28: TOTAL ml / zi | O28: =SUM(O3:O27) | P28: =SUM(P3:P27) | Q28: =SUM(Q3:Q27) | R28: =SUM(R3:R27) | S28: =SUM(S3:S27) | T28: =SUM(T3:T27) | W28: TOTAL ADAOS | Z28: =SUM(Z3:Z27)
J29: CURS EURO | K29: 5.2 | N29: TOTAL ml / pers. | O29: =SUM(O28/D66) | P29: =SUM(P28/D98) | Q29: =SUM(Q28/D130) | R29: =SUM(R28/D162) | S29: =SUM(S28/D194) | T29: =SUM(T28/D226)
J30: TOTAL RON | K30: =SUM(K29*K28)
J31: TVA | K31: =SUM(K30*0.21) | N31: Media zil. sapt. / pers. | O31: =SUM(O29+P29+Q29+R29+S29)/ N26
J32: TOTAL GENERAL | K32: =SUM(K30*1.21)
N34: Observatii :
B37: LUNI | C37: =SUM(D2)
A39: COP 1 | B39: EPUIZAREA MECANICA A APEI CU MOTOPOMPA | C39: =SUM(D39:X39) | D39: 0 | E39: 0 | F39: 0 | G39: 0 | H39: 0 | I39: 0 | J39: 0 | K39: 0 | L39: 0 | M39: 0 | N39: 0 | O39: 0 | P39: 0 | Q39: 0 | R39: 0 | S39: 0 | T39: 0 | U39: 0 | V39: 0 | W39: 0 | X39: 0
A40: COP 2 | B40: REFACERI PAVAJE LA STRAZI (TOATTE MATERIALELE, TRANSPORTURILE SI MANOPERA INCLUSE) | C40: =SUM(D40:X40) | D40: 0 | E40: 0 | F40: 0 | G40: 0 | H40: 0 | I40: 0 | J40: 0 | K40: 0 | L40: 0 | M40: 0 | N40: 0 | O40: 0 | P40: 0 | Q40: 0 | R40: 0 | S40: 0 | T40: 0 | U40: 0 | V40: 0 | W40: 0 | X40: 0
A41: COP 3 | B41: REFACERI PAVAJE TROTUAR, ALEI PIETONALE (TOATE MATERIALELE, TRANSPORTURILE Sl MANOPERA INCLUSE) | C41: =SUM(D41:X41) | D41: 0 | E41: 0 | F41: 0 | G41: 0 | H41: 0 | I41: 0 | J41: 0 | K41: 0 | L41: 0 | M41: 0 | N41: 0 | O41: 0 | P41: 0 | Q41: 0 | R41: 0 | S41: 0 | T41: 0 | U41: 0 | V41: 0 | W41: 0 | X41: 0
A42: COP 4 | B42: INCHIRIERE MACARA / NACELA | C42: =SUM(D42:X42) | D42: 0 | E42: 0 | F42: 0 | G42: 0 | H42: 0 | I42: 0 | J42: 0 | K42: 0 | L42: 0 | M42: 0 | N42: 0 | O42: 0 | P42: 0 | Q42: 0 | R42: 0 | S42: 0 | T42: 0 | U42: 0 | V42: 0 | W42: 0 | X42: 0
A43: COP 5 | B43: TRANSPORT MATERIALE MASINA 1.5 T | C43: =SUM(D43:X43) | D43: 0 | E43: 0 | F43: 0 | G43: 0 | H43: 0 | I43: 0 | J43: 0 | K43: 0 | L43: 0 | M43: 0 | N43: 0 | O43: 0 | P43: 0 | Q43: 0 | R43: 0 | S43: 0 | T43: 0 | U43: 0 | V43: 0 | W43: 0 | X43: 0
A44: COP 6 | B44: TRANSPORT MATERIALE MASINA 3.5 T | C44: =SUM(D44:X44) | D44: 0 | E44: 0 | F44: 0 | G44: 0 | H44: 0 | I44: 0 | J44: 0 | K44: 0 | L44: 0 | M44: 0 | N44: 0 | O44: 0 | P44: 0 | Q44: 0 | R44: 0 | S44: 0 | T44: 0 | U44: 0 | V44: 0 | W44: 0 | X44: 0
A45: COP 8 | B45: TRANSPORT MATERIALE MASINA 20 T | C45: =SUM(D45:X45) | D45: 0 | E45: 0 | F45: 0 | G45: 0 | H45: 0 | I45: 0 | J45: 0 | K45: 0 | L45: 0 | M45: 0 | N45: 0 | O45: 0 | P45: 0 | Q45: 0 | R45: 0 | S45: 0 | T45: 0 | U45: 0 | V45: 0 | W45: 0 | X45: 0
A46: COP 9 | B46: SPARGERE BETON - CAROSABIL | C46: =SUM(D46:X46) | D46: 0 | E46: 0 | F46: 0 | G46: 0 | H46: 0 | I46: 0 | J46: 0 | K46: 0 | L46: 0 | M46: 0 | N46: 0 | O46: 0 | P46: 0 | Q46: 0 | R46: 0 | S46: 0 | T46: 0 | U46: 0 | V46: 0 | W46: 0 | X46: 0
A47: COP 10 | B47: SPARGERE BETON - FUNDATIE DRUM | C47: =SUM(D47:X47) | D47: 0 | E47: 0 | F47: 0 | G47: 0 | H47: 0 | I47: 0 | J47: 0 | K47: 0 | L47: 0 | M47: 0 | N47: 0 | O47: 0 | P47: 0 | Q47: 0 | R47: 0 | S47: 0 | T47: 0 | U47: 0 | V47: 0 | W47: 0 | X47: 0
A48: COP 11 | B48: DEMONTARE CABLU DIN CANALIZARE MAI MIC SAU EGAL DE 600/0.4 | C48: =SUM(D48:X48) | D48: 0 | E48: 0 | F48: 0 | G48: 0 | H48: 0 | I48: 0 | J48: 0 | K48: 0 | L48: 0 | M48: 0 | N48: 0 | O48: 0 | P48: 0 | Q48: 0 | R48: 0 | S48: 0 | T48: 0 | U48: 0 | V48: 0 | W48: 0 | X48: 0
A49: COP 12 | B49: DEMONTARE CABLU DE TELECOM DE PE ZID | C49: =SUM(D49:X49) | D49: 0 | E49: 0 | F49: 0 | G49: 0 | H49: 0 | I49: 0 | J49: 0 | K49: 0 | L49: 0 | M49: 0 | N49: 0 | O49: 0 | P49: 0 | Q49: 0 | R49: 0 | S49: 0 | T49: 0 | U49: 0 | V49: 0 | W49: 0 | X49: 0
A50: COP 13 | B50: DEMONTARE CABLU DE TELECOM. DE PE STALPI (MANOPERA DE DEMONTARE) | C50: =SUM(D50:X50) | D50: 0 | E50: 0 | F50: 0 | G50: 0 | H50: 0 | I50: 0 | J50: 0 | K50: 0 | L50: 0 | M50: 0 | N50: 0 | O50: 0 | P50: 0 | Q50: 0 | R50: 0 | S50: 0 | T50: 0 | U50: 0 | V50: 0 | W50: 0 | X50: 0
... A63: COP 29 | B63: DEMONTARE CABLU + STREANG + BRIDA | C63: =SUM(D63:X63) | D63: 0 | E63: 0 | F63: 0 | G63: 0 | H63: 0 | I63: 0 | J63: 0 | K63: 0 | L63: 0 | M63: 0 | N63: 0 | O63: 0 | P63: 0 | Q63: 0 | R63: 0 | S63: 0 | T63: 0 | U63: 0 | V63: 0 | W63: 0 | X63: 0
B64: TOTAL CABLU | C64: =SUM(C63+C62+C61+C56+C50+C49+C48)
B66: PERSOANE
B70: MARTI | C70: =SUM(E2)
A71: COP 1 | B71: EPUIZAREA MECANICA A APEI CU MOTOPOMPA | C71: =SUM(D71:X71) | D71: 0 | E71: 0 | F71: 0 | G71: 0 | H71: 0 | I71: 0 | J71: 0 | K71: 0 | L71: 0 | M71: 0 | N71: 0 | O71: 0 | P71: 0 | Q71: 0 | R71: 0 | S71: 0 | T71: 0 | U71: 0 | V71: 0 | W71: 0 | X71: 0
A72: COP 2 | B72: REFACERI PAVAJE LA STRAZI (TOATTE MATERIALELE, TRANSPORTURILE SI MANOPERA INCLUSE) | C72: =SUM(D72:X72) | D72: 0 | E72: 0 | F72: 0 | G72: 0 | H72: 0 | I72: 0 | J72: 0 | K72: 0 | L72: 0 | M72: 0 | N72: 0 | O72: 0 | P72: 0 | Q72: 0 | R72: 0 | S72: 0 | T72: 0 | U72: 0 | V72: 0 | W72: 0 | X72: 0
A73: COP 3 | B73: REFACERI PAVAJE TROTUAR, ALEI PIETONALE (TOATE MATERIALELE, TRANSPORTURILE Sl MANOPERA INCLUSE) | C73: =SUM(D73:X73) | D73: 0 | E73: 0 | F73: 0 | G73: 0 | H73: 0 | I73: 0 | J73: 0 | K73: 0 | L73: 0 | M73: 0 | N73: 0 | O73: 0 | P73: 0 | Q73: 0 | R73: 0 | S73: 0 | T73: 0 | U73: 0 | V73: 0 | W73: 0 | X73: 0
A74: COP 4 | B74: INCHIRIERE MACARA / NACELA | C74: =SUM(D74:X74) | D74: 0 | E74: 0 | F74: 0 | G74: 0 | H74: 0 | I74: 0 | J74: 0 | K74: 0 | L74: 0 | M74: 0 | N74: 0 | O74: 0 | P74: 0 | Q74: 0 | R74: 0 | S74: 0 | T74: 0 | U74: 0 | V74: 0 | W74: 0 | X74: 0
A75: COP 5 | B75: TRANSPORT MATERIALE MASINA 1.5 T | C75: =SUM(D75:X75) | D75: 0 | E75: 0 | F75: 0 | G75: 0 | H75: 0 | I75: 0 | J75: 0 | K75: 0 | L75: 0 | M75: 0 | N75: 0 | O75: 0 | P75: 0 | Q75: 0 | R75: 0 | S75: 0 | T75: 0 | U75: 0 | V75: 0 | W75: 0 | X75: 0
A76: COP 6 | B76: TRANSPORT MATERIALE MASINA 3.5 T | C76: =SUM(D76:X76) | D76: 0 | E76: 0 | F76: 0 | G76: 0 | H76: 0 | I76: 0 | J76: 0 | K76: 0 | L76: 0 | M76: 0 | N76: 0 | O76: 0 | P76: 0 | Q76: 0 | R76: 0 | S76: 0 | T76: 0 | U76: 0 | V76: 0 | W76: 0 | X76: 0
A77: COP 8 | B77: TRANSPORT MATERIALE MASINA 20 T | C77: =SUM(D77:X77) | D77: 0 | E77: 0 | F77: 0 | G77: 0 | H77: 0 | I77: 0 | J77: 0 | K77: 0 | L77: 0 | M77: 0 | N77: 0 | O77: 0 | P77: 0 | Q77: 0 | R77: 0 | S77: 0 | T77: 0 | U77: 0 | V77: 0 | W77: 0 | X77: 0
A78: COP 9 | B78: SPARGERE BETON - CAROSABIL | C78: =SUM(D78:X78) | D78: 0 | E78: 0 | F78: 0 | G78: 0 | H78: 0 | I78: 0 | J78: 0 | K78: 0 | L78: 0 | M78: 0 | N78: 0 | O78: 0 | P78: 0 | Q78: 0 | R78: 0 | S78: 0 | T78: 0 | U78: 0 | V78: 0 | W78: 0 | X78: 0
A79: COP 10 | B79: SPARGERE BETON - FUNDATIE DRUM | C79: =SUM(D79:X79) | D79: 0 | E79: 0 | F79: 0 | G79: 0 | H79: 0 | I79: 0 | J79: 0 | K79: 0 | L79: 0 | M79: 0 | N79: 0 | O79: 0 | P79: 0 | Q79: 0 | R79: 0 | S79: 0 | T79: 0 | U79: 0 | V79: 0 | W79: 0 | X79: 0
A80: COP 11 | B80: DEMONTARE CABLU DIN CANALIZARE MAI MIC SAU EGAL DE 600/0.4 | C80: =SUM(D80:X80) | D80: 0 | E80: 0 | F80: 0 | G80: 0 | H80: 0 | I80: 0 | J80: 0 | K80: 0 | L80: 0 | M80: 0 | N80: 0 | O80: 0 | P80: 0 | Q80: 0 | R80: 0 | S80: 0 | T80: 0 | U80: 0 | V80: 0 | W80: 0 | X80: 0
A81: COP 12 | B81: DEMONTARE CABLU DE TELECOM DE PE ZID | C81: =SUM(D81:X81) | D81: 0 | E81: 0 | F81: 0 | G81: 0 | H81: 0 | I81: 0 | J81: 0 | K81: 0 | L81: 0 | M81: 0 | N81: 0 | O81: 0 | P81: 0 | Q81: 0 | R81: 0 | S81: 0 | T81: 0 | U81: 0 | V81: 0 | W81: 0 | X81: 0
A82: COP 13 | B82: DEMONTARE CABLU DE TELECOM. DE PE STALPI (MANOPERA DE DEMONTARE) | C82: =SUM(D82:X82) | D82: 0 | E82: 0 | F82: 0 | G82: 0 | H82: 0 | I82: 0 | J82: 0 | K82: 0 | L82: 0 | M82: 0 | N82: 0 | O82: 0 | P82: 0 | Q82: 0 | R82: 0 | S82: 0 | T82: 0 | U82: 0 | V82: 0 | W82: 0 | X82: 0
... A95: COP 29 | B95: DEMONTARE CABLU + STREANG + BRIDA | C95: =SUM(D95:X95) | D95: 0 | E95: 0 | F95: 0 | G95: 0 | H95: 0 | I95: 0 | J95: 0 | K95: 0 | L95: 0 | M95: 0 | N95: 0 | O95: 0 | P95: 0 | Q95: 0 | R95: 0 | S95: 0 | T95: 0 | U95: 0 | V95: 0 | W95: 0 | X95: 0
B96: TOTAL CABLU | C96: =SUM(C95+C94+C93+C88+C82+C81+C80)
B98: PERSOANE
B102: MIERCURI | C102: =SUM(F2)
A103: COP 1 | B103: EPUIZAREA MECANICA A APEI CU MOTOPOMPA | C103: =SUM(D103:X103) | D103: 0 | E103: 0 | F103: 0 | G103: 0 | H103: 0 | I103: 0 | J103: 0 | K103: 0 | L103: 0 | M103: 0 | N103: 0 | O103: 0 | P103: 0 | Q103: 0 | R103: 0 | S103: 0 | T103: 0 | U103: 0 | V103: 0 | W103: 0 | X103: 0
A104: COP 2 | B104: REFACERI PAVAJE LA STRAZI (TOATTE MATERIALELE, TRANSPORTURILE SI MANOPERA INCLUSE) | C104: =SUM(D104:X104) | D104: 0 | E104: 0 | F104: 0 | G104: 0 | H104: 0 | I104: 0 | J104: 0 | K104: 0 | L104: 0 | M104: 0 | N104: 0 | O104: 0 | P104: 0 | Q104: 0 | R104: 0 | S104: 0 | T104: 0 | U104: 0 | V104: 0 | W104: 0 | X104: 0
A105: COP 3 | B105: REFACERI PAVAJE TROTUAR, ALEI PIETONALE (TOATE MATERIALELE, TRANSPORTURILE Sl MANOPERA INCLUSE) | C105: =SUM(D105:X105) | D105: 0 | E105: 0 | F105: 0 | G105: 0 | H105: 0 | I105: 0 | J105: 0 | K105: 0 | L105: 0 | M105: 0 | N105: 0 | O105: 0 | P105: 0 | Q105: 0 | R105: 0 | S105: 0 | T105: 0 | U105: 0 | V105: 0 | W105: 0 | X105: 0
A106: COP 4 | B106: INCHIRIERE MACARA / NACELA | C106: =SUM(D106:X106) | D106: 0 | E106: 0 | F106: 0 | G106: 0 | H106: 0 | I106: 0 | J106: 0 | K106: 0 | L106: 0 | M106: 0 | N106: 0 | O106: 0 | P106: 0 | Q106: 0 | R106: 0 | S106: 0 | T106: 0 | U106: 0 | V106: 0 | W106: 0 | X106: 0
A107: COP 5 | B107: TRANSPORT MATERIALE MASINA 1.5 T | C107: =SUM(D107:X107) | D107: 0 | E107: 0 | F107: 0 | G107: 0 | H107: 0 | I107: 0 | J107: 0 | K107: 0 | L107: 0 | M107: 0 | N107: 0 | O107: 0 | P107: 0 | Q107: 0 | R107: 0 | S107: 0 | T107: 0 | U107: 0 | V107: 0 | W107: 0 | X107: 0
A108: COP 6 | B108: TRANSPORT MATERIALE MASINA 3.5 T | C108: =SUM(D108:X108) | D108: 0 | E108: 0 | F108: 0 | G108: 0 | H108: 0 | I108: 0 | J108: 0 | K108: 0 | L108: 0 | M108: 0 | N108: 0 | O108: 0 | P108: 0 | Q108: 0 | R108: 0 | S108: 0 | T108: 0 | U108: 0 | V108: 0 | W108: 0 | X108: 0
A109: COP 8 | B109: TRANSPORT MATERIALE MASINA 20 T | C109: =SUM(D109:X109) | D109: 0 | E109: 0 | F109: 0 | G109: 0 | H109: 0 | I109: 0 | J109: 0 | K109: 0 | L109: 0 | M109: 0 | N109: 0 | O109: 0 | P109: 0 | Q109: 0 | R109: 0 | S109: 0 | T109: 0 | U109: 0 | V109: 0 | W109: 0 | X109: 0
A110: COP 9 | B110: SPARGERE BETON - CAROSABIL | C110: =SUM(D110:X110) | D110: 0 | E110: 0 | F110: 0 | G110: 0 | H110: 0 | I110: 0 | J110: 0 | K110: 0 | L110: 0 | M110: 0 | N110: 0 | O110: 0 | P110: 0 | Q110: 0 | R110: 0 | S110: 0 | T110: 0 | U110: 0 | V110: 0 | W110: 0 | X110: 0
A111: COP 10 | B111: SPARGERE BETON - FUNDATIE DRUM | C111: =SUM(D111:X111) | D111: 0 | E111: 0 | F111: 0 | G111: 0 | H111: 0 | I111: 0 | J111: 0 | K111: 0 | L111: 0 | M111: 0 | N111: 0 | O111: 0 | P111: 0 | Q111: 0 | R111: 0 | S111: 0 | T111: 0 | U111: 0 | V111: 0 | W111: 0 | X111: 0
A112: COP 11 | B112: DEMONTARE CABLU DIN CANALIZARE MAI MIC SAU EGAL DE 600/0.4 | C112: =SUM(D112:X112) | D112: 0 | E112: 0 | F112: 0 | G112: 0 | H112: 0 | I112: 0 | J112: 0 | K112: 0 | L112: 0 | M112: 0 | N112: 0 | O112: 0 | P112: 0 | Q112: 0 | R112: 0 | S112: 0 | T112: 0 | U112: 0 | V112: 0 | W112: 0 | X112: 0
A113: COP 12 | B113: DEMONTARE CABLU DE TELECOM DE PE ZID | C113: =SUM(D113:X113) | D113: 0 | E113: 0 | F113: 0 | G113: 0 | H113: 0 | I113: 0 | J113: 0 | K113: 0 | L113: 0 | M113: 0 | N113: 0 | O113: 0 | P113: 0 | Q113: 0 | R113: 0 | S113: 0 | T113: 0 | U113: 0 | V113: 0 | W113: 0 | X113: 0
A114: COP 13 | B114: DEMONTARE CABLU DE TELECOM. DE PE STALPI (MANOPERA DE DEMONTARE) | C114: =SUM(D114:X114) | D114: 0 | E114: 0 | F114: 0 | G114: 0 | H114: 0 | I114: 0 | J114: 0 | K114: 0 | L114: 0 | M114: 0 | N114: 0 | O114: 0 | P114: 0 | Q114: 0 | R114: 0 | S114: 0 | T114: 0 | U114: 0 | V114: 0 | W114: 0 | X114: 0
... A127: COP 29 | B127: DEMONTARE CABLU + STREANG + BRIDA | C127: =SUM(D127:X127) | D127: 0 | E127: 0 | F127: 0 | G127: 0 | H127: 0 | I127: 0 | J127: 0 | K127: 0 | L127: 0 | M127: 0 | N127: 0 | O127: 0 | P127: 0 | Q127: 0 | R127: 0 | S127: 0 | T127: 0 | U127: 0 | V127: 0 | W127: 0 | X127: 0
B128: TOTAL CABLU | C128: =SUM(C127+C126+C125+C120+C114+C113+C112)
B130: PERSOANE
B134: JOI | C134: =SUM(G2)
A135: COP 1 | B135: EPUIZAREA MECANICA A APEI CU MOTOPOMPA | C135: =SUM(D135:X135) | D135: 0 | E135: 0 | F135: 0 | G135: 0 | H135: 0 | I135: 0 | J135: 0 | K135: 0 | L135: 0 | M135: 0 | N135: 0 | O135: 0 | P135: 0 | Q135: 0 | R135: 0 | S135: 0 | T135: 0 | U135: 0 | V135: 0 | W135: 0 | X135: 0
A136: COP 2 | B136: REFACERI PAVAJE LA STRAZI (TOATTE MATERIALELE, TRANSPORTURILE SI MANOPERA INCLUSE) | C136: =SUM(D136:X136) | D136: 0 | E136: 0 | F136: 0 | G136: 0 | H136: 0 | I136: 0 | J136: 0 | K136: 0 | L136: 0 | M136: 0 | N136: 0 | O136: 0 | P136: 0 | Q136: 0 | R136: 0 | S136: 0 | T136: 0 | U136: 0 | V136: 0 | W136: 0 | X136: 0
A137: COP 3 | B137: REFACERI PAVAJE TROTUAR, ALEI PIETONALE (TOATE MATERIALELE, TRANSPORTURILE Sl MANOPERA INCLUSE) | C137: =SUM(D137:X137) | D137: 0 | E137: 0 | F137: 0 | G137: 0 | H137: 0 | I137: 0 | J137: 0 | K137: 0 | L137: 0 | M137: 0 | N137: 0 | O137: 0 | P137: 0 | Q137: 0 | R137: 0 | S137: 0 | T137: 0 | U137: 0 | V137: 0 | W137: 0 | X137: 0
A138: COP 4 | B138: INCHIRIERE MACARA / NACELA | C138: =SUM(D138:X138) | D138: 0 | E138: 0 | F138: 0 | G138: 0 | H138: 0 | I138: 0 | J138: 0 | K138: 0 | L138: 0 | M138: 0 | N138: 0 | O138: 0 | P138: 0 | Q138: 0 | R138: 0 | S138: 0 | T138: 0 | U138: 0 | V138: 0 | W138: 0 | X138: 0
A139: COP 5 | B139: TRANSPORT MATERIALE MASINA 1.5 T | C139: =SUM(D139:X139) | D139: 0 | E139: 0 | F139: 0 | G139: 0 | H139: 0 | I139: 0 | J139: 0 | K139: 0 | L139: 0 | M139: 0 | N139: 0 | O139: 0 | P139: 0 | Q139: 0 | R139: 0 | S139: 0 | T139: 0 | U139: 0 | V139: 0 | W139: 0 | X139: 0
A140: COP 6 | B140: TRANSPORT MATERIALE MASINA 3.5 T | C140: =SUM(D140:X140) | D140: 0 | E140: 0 | F140: 0 | G140: 0 | H140: 0 | I140: 0 | J140: 0 | K140: 0 | L140: 0 | M140: 0 | N140: 0 | O140: 0 | P140: 0 | Q140: 0 | R140: 0 | S140: 0 | T140: 0 | U140: 0 | V140: 0 | W140: 0 | X140: 0
A141: COP 8 | B141: TRANSPORT MATERIALE MASINA 20 T | C141: =SUM(D141:X141) | D141: 0 | E141: 0 | F141: 0 | G141: 0 | H141: 0 | I141: 0 | J141: 0 | K141: 0 | L141: 0 | M141: 0 | N141: 0 | O141: 0 | P141: 0 | Q141: 0 | R141: 0 | S141: 0 | T141: 0 | U141: 0 | V141: 0 | W141: 0 | X141: 0
A142: COP 9 | B142: SPARGERE BETON - CAROSABIL | C142: =SUM(D142:X142) | D142: 0 | E142: 0 | F142: 0 | G142: 0 | H142: 0 | I142: 0 | J142: 0 | K142: 0 | L142: 0 | M142: 0 | N142: 0 | O142: 0 | P142: 0 | Q142: 0 | R142: 0 | S142: 0 | T142: 0 | U142: 0 | V142: 0 | W142: 0 | X142: 0
A143: COP 10 | B143: SPARGERE BETON - FUNDATIE DRUM | C143: =SUM(D143:X143) | D143: 0 | E143: 0 | F143: 0 | G143: 0 | H143: 0 | I143: 0 | J143: 0 | K143: 0 | L143: 0 | M143: 0 | N143: 0 | O143: 0 | P143: 0 | Q143: 0 | R143: 0 | S143: 0 | T143: 0 | U143: 0 | V143: 0 | W143: 0 | X143: 0
A144: COP 11 | B144: DEMONTARE CABLU DIN CANALIZARE MAI MIC SAU EGAL DE 600/0.4 | C144: =SUM(D144:X144) | D144: 0 | E144: 0 | F144: 0 | G144: 0 | H144: 0 | I144: 0 | J144: 0 | K144: 0 | L144: 0 | M144: 0 | N144: 0 | O144: 0 | P144: 0 | Q144: 0 | R144: 0 | S144: 0 | T144: 0 | U144: 0 | V144: 0 | W144: 0 | X144: 0
A145: COP 12 | B145: DEMONTARE CABLU DE TELECOM DE PE ZID | C145: =SUM(D145:X145) | D145: 0 | E145: 0 | F145: 0 | G145: 0 | H145: 0 | I145: 0 | J145: 0 | K145: 0 | L145: 0 | M145: 0 | N145: 0 | O145: 0 | P145: 0 | Q145: 0 | R145: 0 | S145: 0 | T145: 0 | U145: 0 | V145: 0 | W145: 0 | X145: 0
A146: COP 13 | B146: DEMONTARE CABLU DE TELECOM. DE PE STALPI (MANOPERA DE DEMONTARE) | C146: =SUM(D146:X146) | D146: 0 | E146: 0 | F146: 0 | G146: 0 | H146: 0 | I146: 0 | J146: 0 | K146: 0 | L146: 0 | M146: 0 | N146: 0 | O146: 0 | P146: 0 | Q146: 0 | R146: 0 | S146: 0 | T146: 0 | U146: 0 | V146: 0 | W146: 0 | X146: 0
... A159: COP 29 | B159: DEMONTARE CABLU + STREANG + BRIDA | C159: =SUM(D159:X159) | D159: 0 | E159: 0 | F159: 0 | G159: 0 | H159: 0 | I159: 0 | J159: 0 | K159: 0 | L159: 0 | M159: 0 | N159: 0 | O159: 0 | P159: 0 | Q159: 0 | R159: 0 | S159: 0 | T159: 0 | U159: 0 | V159: 0 | W159: 0 | X159: 0
B160: TOTAL CABLU | C160: =SUM(C159+C158+C157+C152+C146+C145+C144)
B162: PERSOANE
B166: VINERI | C166: =SUM(H2)
A167: COP 1 | B167: EPUIZAREA MECANICA A APEI CU MOTOPOMPA | C167: =SUM(D167:X167) | D167: 0 | E167: 0 | F167: 0 | G167: 0 | H167: 0 | I167: 0 | J167: 0 | K167: 0 | L167: 0 | M167: 0 | N167: 0 | O167: 0 | P167: 0 | Q167: 0 | R167: 0 | S167: 0 | T167: 0 | U167: 0 | V167: 0 | W167: 0 | X167: 0
A168: COP 2 | B168: REFACERI PAVAJE LA STRAZI (TOATTE MATERIALELE, TRANSPORTURILE SI MANOPERA INCLUSE) | C168: =SUM(D168:X168) | D168: 0 | E168: 0 | F168: 0 | G168: 0 | H168: 0 | I168: 0 | J168: 0 | K168: 0 | L168: 0 | M168: 0 | N168: 0 | O168: 0 | P168: 0 | Q168: 0 | R168: 0 | S168: 0 | T168: 0 | U168: 0 | V168: 0 | W168: 0 | X168: 0
A169: COP 3 | B169: REFACERI PAVAJE TROTUAR, ALEI PIETONALE (TOATE MATERIALELE, TRANSPORTURILE Sl MANOPERA INCLUSE) | C169: =SUM(D169:X169) | D169: 0 | E169: 0 | F169: 0 | G169: 0 | H169: 0 | I169: 0 | J169: 0 | K169: 0 | L169: 0 | M169: 0 | N169: 0 | O169: 0 | P169: 0 | Q169: 0 | R169: 0 | S169: 0 | T169: 0 | U169: 0 | V169: 0 | W169: 0 | X169: 0
...

Sheet SHEET_GOL_3
A2: Nr. Crt | B2: Descriere articol | C2: TOTAL | D2: 46209 | E2: 46210 | F2: 46211 | G2: 46212 | H2: 46213 | I2: 46214 | J2: PRET | K2: TOTAL | W2: PRET BIS | X2: ADAOS ml | Y2: ADAOS % | Z2: ADAOS
A3: COP 1 | B3: EPUIZAREA MECANICA A APEI CU MOTOPOMPA | C3: =SUM(D3:I3) | D3: =SUM(C39) | E3: =SUM(C71) | F3: =SUM(C103) | G3: =SUM(C135) | H3: =SUM(C167) | I3: =SUM(C199) | J3: 2.09 | K3: =SUM(C3*J3) | W3: 2.49 | X3: =SUM(W3-J3) | Y3: =SUM(X3*1/W3) | Z3: =SUM(C3*X3)
A4: COP 2 | B4: REFACERI PAVAJE LA STRAZI (TOATTE MATERIALELE, TRANSPORTURILE SI MANOPERA INCLUSE) | C4: =SUM(D4:I4) | D4: =SUM(C40) | E4: =SUM(C72) | F4: =SUM(C104) | G4: =SUM(C136) | H4: =SUM(C168) | I4: =SUM(C200) | J4: 42.12 | K4: =SUM(C4*J4) | W4: 50.03 | X4: =SUM(W4-J4) | Y4: =SUM(X4*1/W4) | Z4: =SUM(C4*X4)
A5: COP 3 | B5: REFACERI PAVAJE TROTUAR, ALEI PIETONALE (TOATE MATERIALELE, TRANSPORTURILE Sl MANOPERA INCLUSE) | C5: =SUM(D5:I5) | D5: =SUM(C41) | E5: =SUM(C73) | F5: =SUM(C105) | G5: =SUM(C137) | H5: =SUM(C169) | I5: =SUM(C201) | J5: 18.43 | K5: =SUM(C5*J5) | W5: 21.89 | X5: =SUM(W5-J5) | Y5: =SUM(X5*1/W5) | Z5: =SUM(C5*X5)
A6: COP 4 | B6: INCHIRIERE MACARA / NACELA | C6: =SUM(D6:I6) | D6: =SUM(C42) | E6: =SUM(C74) | F6: =SUM(C106) | G6: =SUM(C138) | H6: =SUM(C170) | I6: =SUM(C202) | J6: 27 | K6: =SUM(C6*J6) | W6: 31.29 | X6: =SUM(W6-J6) | Y6: =SUM(X6*1/W6) | Z6: =SUM(C6*X6)
A7: COP 5 | B7: TRANSPORT MATERIALE MASINA 1.5 T | C7: =SUM(D7:I7) | D7: =SUM(C43) | E7: =SUM(C75) | F7: =SUM(C107) | G7: =SUM(C139) | H7: =SUM(C171) | I7: =SUM(C203) | J7: 0.41 | K7: =SUM(C7*J7) | W7: 0.62 | X7: =SUM(W7-J7) | Y7: =SUM(X7*1/W7) | Z7: =SUM(C7*X7)
A8: COP 6 | B8: TRANSPORT MATERIALE MASINA 3.5 T | C8: =SUM(D8:I8) | D8: =SUM(C44) | E8: =SUM(C76) | F8: =SUM(C108) | G8: =SUM(C140) | H8: =SUM(C172) | I8: =SUM(C204) | J8: 0.63 | K8: =SUM(C8*J8) | W8: 0.75 | X8: =SUM(W8-J8) | Y8: =SUM(X8*1/W8) | Z8: =SUM(C8*X8)
A9: COP 8 | B9: TRANSPORT MATERIALE MASINA 20 T | C9: =SUM(D9:I9) | D9: =SUM(C45) | E9: =SUM(C77) | F9: =SUM(C109) | G9: =SUM(C141) | H9: =SUM(C173) | I9: =SUM(C205) | J9: 1.07 | K9: =SUM(C9*J9) | W9: 1.27 | X9: =SUM(W9-J9) | Y9: =SUM(X9*1/W9) | Z9: =SUM(C9*X9)
A10: COP 9 | B10: SPARGERE BETON - CAROSABIL | C10: =SUM(D10:I10) | D10: =SUM(C46) | E10: =SUM(C78) | F10: =SUM(C110) | G10: =SUM(C142) | H10: =SUM(C174) | I10: =SUM(C206) | J10: 14.31 | K10: =SUM(C10*J10) | W10: 17.41 | X10: =SUM(W10-J10) | Y10: =SUM(X10*1/W10) | Z10: =SUM(C10*X10)
A11: COP 10 | B11: SPARGERE BETON - FUNDATIE DRUM | C11: =SUM(D11:I11) | D11: =SUM(C47) | E11: =SUM(C79) | F11: =SUM(C111) | G11: =SUM(C143) | H11: =SUM(C175) | I11: =SUM(C207) | J11: 12.45 | K11: =SUM(C11*J11) | W11: 15.55 | X11: =SUM(W11-J11) | Y11: =SUM(X11*1/W11) | Z11: =SUM(C11*X11)
A12: COP 11 | B12: DEMONTARE CABLU DIN CANALIZARE MAI MIC SAU EGAL DE 600/0.4 | C12: =SUM(D12:I12) | D12: =SUM(C48) | E12: =SUM(C80) | F12: =SUM(C112) | G12: =SUM(C144) | H12: =SUM(C176) | I12: =SUM(C208) | J12: 0.2 | K12: =SUM(C12*J12) | O12: =SUM(D12*1.25) | P12: =SUM(E12*1.25) | Q12: =SUM(F12*1.25) | R12: =SUM(G12*1.25) | S12: =SUM(H12*1.25) | T12: =SUM(I12*1.25) | W12: 0.24 | X12: =SUM(W12-J12) | Y12: =SUM(X12*1/W12) | Z12: =SUM(C12*X12)
A13: COP 12 | B13: DEMONTARE CABLU DE TELECOM DE PE ZID | C13: =SUM(D13:I13) | D13: =SUM(C49) | E13: =SUM(C81) | F13: =SUM(C113) | G13: =SUM(C145) | H13: =SUM(C177) | I13: =SUM(C209) | J13: 0.32 | K13: =SUM(C13*J13) | O13: =SUM(D13*1.3) | P13: =SUM(E13*1.3) | Q13: =SUM(F13*1.3) | R13: =SUM(G13*1.3) | S13: =SUM(H13*1.3) | T13: =SUM(I13*1.3) | W13: 0.39 | X13: =SUM(W13-J13) | Y13: =SUM(X13*1/W13) | Z13: =SUM(C13*X13)
A14: COP 13 | B14: DEMONTARE CABLU DE TELECOM. DE PE STALPI (MANOPERA DE DEMONTARE) | C14: =SUM(D14:I14) | D14: =SUM(C50) | E14: =SUM(C82) | F14: =SUM(C114) | G14: =SUM(C146) | H14: =SUM(C178) | I14: =SUM(C210) | J14: 0.15 | K14: =SUM(C14*J14) | O14: =SUM(D14) | P14: =SUM(E14) | Q14: =SUM(F14) | R14: =SUM(G14) | S14: =SUM(H14) | T14: =SUM(I14) | W14: 0.18 | X14: =SUM(W14-J14) | Y14: =SUM(X14*1/W14) | Z14: =SUM(C14*X14)
A15: COP 14 | B15: DEMONTARE STREANG SAU BRIDA SAU SARMA RADIOFICARE | C15: =SUM(D15:I15) | D15: =SUM(C51) | E15: =SUM(C83) | F15: =SUM(C115) | G15: =SUM(C147) | H15: =SUM(C179) | I15: =SUM(C211) | J15: 0.14 | K15: =SUM(C15*J15) | O15: =SUM(D15) | P15: =SUM(E15) | Q15: =SUM(F15) | R15: =SUM(G15) | S15: =SUM(H15) | T15: =SUM(I15) | W15: 0.17 | X15: =SUM(W15-J15) | Y15: =SUM(X15*1/W15) | Z15: =SUM(C15*X15)
A16: COP 15 | B16: DEMONTARE STALP DE LEMN OROC | C16: =SUM(D16:I16) | D16: =SUM(C52) | E16: =SUM(C84) | F16: =SUM(C116) | G16: =SUM(C148) | H16: =SUM(C180) | I16: =SUM(C212) | J16: 14.16 | K16: =SUM(C16*J16) | W16: 16.82 | X16: =SUM(W16-J16) | Y16: =SUM(X16*1/W16) | Z16: =SUM(C16*X16)
A17: COP 16 | B17: DEMONTARE TRAVERSA (SUPORTI RADIOFICARE) CONSOLA | C17: =SUM(D17:I17) | D17: =SUM(C53) | E17: =SUM(C85) | F17: =SUM(C117) | G17: =SUM(C149) | H17: =SUM(C181) | I17: =SUM(C213) | J17: 0.49 | K17: =SUM(C17*J17) | W17: 0.59 | X17: =SUM(W17-J17) | Y17: =SUM(X17*1/W17) | Z17: =SUM(C17*X17)
A18: COP 17 | B18: DEMONTARE CUTIE TERMINALA | C18: =SUM(D18:I18) | D18: =SUM(C54) | E18: =SUM(C86) | F18: =SUM(C118) | G18: =SUM(C150) | H18: =SUM(C182) | I18: =SUM(C214) | J18: 1.49 | K18: =SUM(C18*J18) | W18: 1.78 | X18: =SUM(W18-J18) | Y18: =SUM(X18*1/W18) | Z18: =SUM(C18*X18)
A19: COP 18 | B19: DEMONTARE APARATOARE 'U' DE CABLU (50MM) | C19: =SUM(D19:I19) | D19: =SUM(C55) | E19: =SUM(C87) | F19: =SUM(C119) | G19: =SUM(C151) | H19: =SUM(C183) | I19: =SUM(C215) | J19: 1.3 | K19: =SUM(C19*J19) | W19: 1.55 | X19: =SUM(W19-J19) | Y19: =SUM(X19*1/W19) | Z19: =SUM(C19*X19)
A20: COP 20 | B20: DEMONTARE CABLU DIN CANALIZARE MAI MARE SAU EGAL DE 600/0.6 | C20: =SUM(D20:I20) | D20: =SUM(C56) | E20: =SUM(C88) | F20: =SUM(C120) | G20: =SUM(C152) | H20: =SUM(C184) | I20: =SUM(C216) | J20: 0.51 | K20: =SUM(C20*J20) | O20: =SUM(D20*2) | P20: =SUM(E20*2) | Q20: =SUM(F20*2) | R20: =SUM(G20*2) | S20: =SUM(H20*2) | T20: =SUM(I20*2) | W20: 0.61 | X20: =SUM(W20-J20) | Y20: =SUM(X20*1/W20) | Z20: =SUM(C20*X20)
A21: COP 21 | B21: Vidanjare camine | C21: =SUM(D21:I21) | D21: =SUM(C57) | E21: =SUM(C89) | F21: =SUM(C121) | G21: =SUM(C153) | H21: =SUM(C185) | I21: =SUM(C217) | J21: 6.62 | K21: =SUM(C21*J21) | W21: 7.87 | X21: =SUM(W21-J21) | Y21: =SUM(X21*1/W21) | Z21: =SUM(C21*X21)
A22: COP 23 | B22: Asistenta Tehnica (echipa 2 tehnicieni) | C22: =SUM(D22:I22) | D22: =SUM(C58) | E22: =SUM(C90) | F22: =SUM(C122) | G22: =SUM(C154) | H22: =SUM(C186) | I22: =SUM(C218) | J22: 32 | K22: =SUM(C22*J22) | W22: 38 | X22: =SUM(W22-J22) | Y22: =SUM(X22*1/W22) | Z22: =SUM(C22*X22)
A23: COP 24 | B23: INCHIRIERE BULDOEXCAVATOR SAU UTILAJ | C23: =SUM(D23:I23) | D23: =SUM(C59) | E23: =SUM(C91) | F23: =SUM(C123) | G23: =SUM(C155) | H23: =SUM(C187) | I23: =SUM(C219) | J23: 31.31 | K23: =SUM(C23*J23) | W23: 37.18 | X23: =SUM(W23-J23) | Y23: =SUM(X23*1/W23) | Z23: =SUM(C23*X23)
A24: COP 26 | B24: Inchiriere TIR cu ora ( pentru perioada de stationare pana la incarcarea completa) | C24: =SUM(D24:I24) | D24: =SUM(C60) | E24: =SUM(C92) | F24: =SUM(C124) | G24: =SUM(C156) | H24: =SUM(C188) | I24: =SUM(C220) | J24: 13.87 | K24: =SUM(C24*J24) | N24: AERIAN : RURAL | W24: 16.47 | X24: =SUM(W24-J24) | Y24: =SUM(X24*1/W24) | Z24: =SUM(C24*X24)
A25: COP 27 | B25: DEMONTARE CABLU + STREANG | C25: =SUM(D25:I25) | D25: =SUM(C61) | E25: =SUM(C93) | F25: =SUM(C125) | G25: =SUM(C157) | H25: =SUM(C189) | I25: =SUM(C221) | J25: 0.19 | K25: =SUM(C25*J25) | N25: CANALIZATIE : URBAN | O25: =SUM(D25*1.2) | P25: =SUM(E25*1.2) | Q25: =SUM(F25*1.2) | R25: =SUM(G25*1.2) | S25: =SUM(H25*1.2) | T25: =SUM(I25*1.2) | W25: 0.23 | X25: =SUM(W25-J25) | Y25: =SUM(X25*1/W25) | Z25: =SUM(C25*X25)
A26: COP 28 | B26: DEMONTARE CABLU + BRIDA SAU STREANG + BRIDA | C26: =SUM(D26:I26) | D26: =SUM(C62) | E26: =SUM(C94) | F26: =SUM(C126) | G26: =SUM(C158) | H26: =SUM(C190) | I26: =SUM(C222) | J26: 0.16 | K26: =SUM(C26*J26) | M26: Zile lucrate | N26: 5 | O26: =SUM(D26*1.1) | P26: =SUM(E26*1.1) | Q26: =SUM(F26*1.1) | R26: =SUM(G26*1.1) | S26: =SUM(H26*1.1) | T26: =SUM(I26*1.1) | W26: 0.2 | X26: =SUM(W26-J26) | Y26: =SUM(X26*1/W26) | Z26: =SUM(C26*X26)
A27: COP 29 | B27: DEMONTARE CABLU + STREANG + BRIDA | C27: =SUM(D27:I27) | D27: =SUM(C63) | E27: =SUM(C95) | F27: =SUM(C127) | G27: =SUM(C159) | H27: =SUM(C191) | I27: =SUM(C223) | J27: 0.28 | K27: =SUM(C27*J27) | M27: Persoane Media saptamanala | N27: =SUM((#REF!+D98+D130+D162+D194)/N26) | O27: =SUM(D27*2) | P27: =SUM(E27*2) | Q27: =SUM(F27*2) | R27: =SUM(G27*2) | S27: =SUM(H27*2) | T27: =SUM(I27*2) | W27: 0.34 | X27: =SUM(W27-J27) | Y27: =SUM(X27*1/W27) | Z27: =SUM(C27*X27)
J28: TOTAL EURO | K28: =SUM(K3:K27) | O28: =SUM(O3:O27) | P28: =SUM(P3:P27) | Q28: =SUM(Q3:Q27) | R28: =SUM(R3:R27) | S28: =SUM(S3:S27) | T28: =SUM(T3:T27) | W28: TOTAL ADAOS | Z28: =SUM(Z3:Z27)
J29: CURS EURO | K29: 5.2 | N29: TOTAL ml / pers. | O29: =SUM(O28/D66) | P29: =SUM(P28/D98) | Q29: =SUM(Q28/D130) | R29: =SUM(R28/D162) | S29: =SUM(S28/D194) | T29: =SUM(T28/D226)
J30: TOTAL RON | K30: =SUM(K29*K28)
J31: TVA | K31: =SUM(K30*0.21) | N31: Media zil. sapt. / pers. | O31: =SUM(O29+P29+Q29+R29+S29+T29)/ N26
J32: TOTAL GENERAL | K32: =SUM(K30*1.21)
N34: Observatii :
B37: LUNI | C37: =SUM(D2)
A39: COP 1 | B39: EPUIZAREA MECANICA A APEI CU MOTOPOMPA | C39: =SUM(D39:X39) | D39: 0 | E39: 0 | F39: 0 | G39: 0 | H39: 0 | I39: 0 | J39: 0 | K39: 0 | L39: 0 | M39: 0 | N39: 0 | O39: 0 | P39: 0 | Q39: 0 | R39: 0 | S39: 0 | T39: 0 | U39: 0 | V39: 0 | W39: 0 | X39: 0
A40: COP 2 | B40: REFACERI PAVAJE LA STRAZI (TOATTE MATERIALELE, TRANSPORTURILE SI MANOPERA INCLUSE) | C40: =SUM(D40:X40) | D40: 0 | E40: 0 | F40: 0 | G40: 0 | H40: 0 | I40: 0 | J40: 0 | K40: 0 | L40: 0 | M40: 0 | N40: 0 | O40: 0 | P40: 0 | Q40: 0 | R40: 0 | S40: 0 | T40: 0 | U40: 0 | V40: 0 | W40: 0 | X40: 0
A41: COP 3 | B41: REFACERI PAVAJE TROTUAR, ALEI PIETONALE (TOATE MATERIALELE, TRANSPORTURILE Sl MANOPERA INCLUSE) | C41: =SUM(D41:X41) | D41: 0 | E41: 0 | F41: 0 | G41: 0 | H41: 0 | I41: 0 | J41: 0 | K41: 0 | L41: 0 | M41: 0 | N41: 0 | O41: 0 | P41: 0 | Q41: 0 | R41: 0 | S41: 0 | T41: 0 | U41: 0 | V41: 0 | W41: 0 | X41: 0
A42: COP 4 | B42: INCHIRIERE MACARA / NACELA | C42: =SUM(D42:X42) | D42: 0 | E42: 0 | F42: 0 | G42: 0 | H42: 0 | I42: 0 | J42: 0 | K42: 0 | L42: 0 | M42: 0 | N42: 0 | O42: 0 | P42: 0 | Q42: 0 | R42: 0 | S42: 0 | T42: 0 | U42: 0 | V42: 0 | W42: 0 | X42: 0
A43: COP 5 | B43: TRANSPORT MATERIALE MASINA 1.5 T | C43: =SUM(D43:X43) | D43: 0 | E43: 0 | F43: 0 | G43: 0 | H43: 0 | I43: 0 | J43: 0 | K43: 0 | L43: 0 | M43: 0 | N43: 0 | O43: 0 | P43: 0 | Q43: 0 | R43: 0 | S43: 0 | T43: 0 | U43: 0 | V43: 0 | W43: 0 | X43: 0
A44: COP 6 | B44: TRANSPORT MATERIALE MASINA 3.5 T | C44: =SUM(D44:X44) | D44: 0 | E44: 0 | F44: 0 | G44: 0 | H44: 0 | I44: 0 | J44: 0 | K44: 0 | L44: 0 | M44: 0 | N44: 0 | O44: 0 | P44: 0 | Q44: 0 | R44: 0 | S44: 0 | T44: 0 | U44: 0 | V44: 0 | W44: 0 | X44: 0
A45: COP 8 | B45: TRANSPORT MATERIALE MASINA 20 T | C45: =SUM(D45:X45) | D45: 0 | E45: 0 | F45: 0 | G45: 0 | H45: 0 | I45: 0 | J45: 0 | K45: 0 | L45: 0 | M45: 0 | N45: 0 | O45: 0 | P45: 0 | Q45: 0 | R45: 0 | S45: 0 | T45: 0 | U45: 0 | V45: 0 | W45: 0 | X45: 0
A46: COP 9 | B46: SPARGERE BETON - CAROSABIL | C46: =SUM(D46:X46) | D46: 0 | E46: 0 | F46: 0 | G46: 0 | H46: 0 | I46: 0 | J46: 0 | K46: 0 | L46: 0 | M46: 0 | N46: 0 | O46: 0 | P46: 0 | Q46: 0 | R46: 0 | S46: 0 | T46: 0 | U46: 0 | V46: 0 | W46: 0 | X46: 0
A47: COP 10 | B47: SPARGERE BETON - FUNDATIE DRUM | C47: =SUM(D47:X47) | D47: 0 | E47: 0 | F47: 0 | G47: 0 | H47: 0 | I47: 0 | J47: 0 | K47: 0 | L47: 0 | M47: 0 | N47: 0 | O47: 0 | P47: 0 | Q47: 0 | R47: 0 | S47: 0 | T47: 0 | U47: 0 | V47: 0 | W47: 0 | X47: 0
A48: COP 11 | B48: DEMONTARE CABLU DIN CANALIZARE MAI MIC SAU EGAL DE 600/0.4 | C48: =SUM(D48:X48) | D48: 0 | E48: 0 | F48: 0 | G48: 0 | H48: 0 | I48: 0 | J48: 0 | K48: 0 | L48: 0 | M48: 0 | N48: 0 | O48: 0 | P48: 0 | Q48: 0 | R48: 0 | S48: 0 | T48: 0 | U48: 0 | V48: 0 | W48: 0 | X48: 0
A49: COP 12 | B49: DEMONTARE CABLU DE TELECOM DE PE ZID | C49: =SUM(D49:X49) | D49: 0 | E49: 0 | F49: 0 | G49: 0 | H49: 0 | I49: 0 | J49: 0 | K49: 0 | L49: 0 | M49: 0 | N49: 0 | O49: 0 | P49: 0 | Q49: 0 | R49: 0 | S49: 0 | T49: 0 | U49: 0 | V49: 0 | W49: 0 | X49: 0
A50: COP 13 | B50: DEMONTARE CABLU DE TELECOM. DE PE STALPI (MANOPERA DE DEMONTARE) | C50: =SUM(D50:X50) | D50: 0 | E50: 0 | F50: 0 | G50: 0 | H50: 0 | I50: 0 | J50: 0 | K50: 0 | L50: 0 | M50: 0 | N50: 0 | O50: 0 | P50: 0 | Q50: 0 | R50: 0 | S50: 0 | T50: 0 | U50: 0 | V50: 0 | W50: 0 | X50: 0
... A63: COP 29 | B63: DEMONTARE CABLU + STREANG + BRIDA | C63: =SUM(D63:X63) | D63: 0 | E63: 0 | F63: 0 | G63: 0 | H63: 0 | I63: 0 | J63: 0 | K63: 0 | L63: 0 | M63: 0 | N63: 0 | O63: 0 | P63: 0 | Q63: 0 | R63: 0 | S63: 0 | T63: 0 | U63: 0 | V63: 0 | W63: 0 | X63: 0
B64: TOTAL CABLU | C64: =SUM(C63+C62+C61+C56+C50+C49+C48)
B66: PERSOANE
B70: MARTI | C70: =SUM(E2)
A71: COP 1 | B71: EPUIZAREA MECANICA A APEI CU MOTOPOMPA | C71: =SUM(D71:X71) | D71: 0 | E71: 0 | F71: 0 | G71: 0 | H71: 0 | I71: 0 | J71: 0 | K71: 0 | L71: 0 | M71: 0 | N71: 0 | O71: 0 | P71: 0 | Q71: 0 | R71: 0 | S71: 0 | T71: 0 | U71: 0 | V71: 0 | W71: 0 | X71: 0
A72: COP 2 | B72: REFACERI PAVAJE LA STRAZI (TOATTE MATERIALELE, TRANSPORTURILE SI MANOPERA INCLUSE) | C72: =SUM(D72:X72) | D72: 0 | E72: 0 | F72: 0 | G72: 0 | H72: 0 | I72: 0 | J72: 0 | K72: 0 | L72: 0 | M72: 0 | N72: 0 | O72: 0 | P72: 0 | Q72: 0 | R72: 0 | S72: 0 | T72: 0 | U72: 0 | V72: 0 | W72: 0 | X72: 0
A73: COP 3 | B73: REFACERI PAVAJE TROTUAR, ALEI PIETONALE (TOATE MATERIALELE, TRANSPORTURILE Sl MANOPERA INCLUSE) | C73: =SUM(D73:X73) | D73: 0 | E73: 0 | F73: 0 | G73: 0 | H73: 0 | I73: 0 | J73: 0 | K73: 0 | L73: 0 | M73: 0 | N73: 0 | O73: 0 | P73: 0 | Q73: 0 | R73: 0 | S73: 0 | T73: 0 | U73: 0 | V73: 0 | W73: 0 | X73: 0
A74: COP 4 | B74: INCHIRIERE MACARA / NACELA | C74: =SUM(D74:X74) | D74: 0 | E74: 0 | F74: 0 | G74: 0 | H74: 0 | I74: 0 | J74: 0 | K74: 0 | L74: 0 | M74: 0 | N74: 0 | O74: 0 | P74: 0 | Q74: 0 | R74: 0 | S74: 0 | T74: 0 | U74: 0 | V74: 0 | W74: 0 | X74: 0
A75: COP 5 | B75: TRANSPORT MATERIALE MASINA 1.5 T | C75: =SUM(D75:X75) | D75: 0 | E75: 0 | F75: 0 | G75: 0 | H75: 0 | I75: 0 | J75: 0 | K75: 0 | L75: 0 | M75: 0 | N75: 0 | O75: 0 | P75: 0 | Q75: 0 | R75: 0 | S75: 0 | T75: 0 | U75: 0 | V75: 0 | W75: 0 | X75: 0
A76: COP 6 | B76: TRANSPORT MATERIALE MASINA 3.5 T | C76: =SUM(D76:X76) | D76: 0 | E76: 0 | F76: 0 | G76: 0 | H76: 0 | I76: 0 | J76: 0 | K76: 0 | L76: 0 | M76: 0 | N76: 0 | O76: 0 | P76: 0 | Q76: 0 | R76: 0 | S76: 0 | T76: 0 | U76: 0 | V76: 0 | W76: 0 | X76: 0
A77: COP 8 | B77: TRANSPORT MATERIALE MASINA 20 T | C77: =SUM(D77:X77) | D77: 0 | E77: 0 | F77: 0 | G77: 0 | H77: 0 | I77: 0 | J77: 0 | K77: 0 | L77: 0 | M77: 0 | N77: 0 | O77: 0 | P77: 0 | Q77: 0 | R77: 0 | S77: 0 | T77: 0 | U77: 0 | V77: 0 | W77: 0 | X77: 0
A78: COP 9 | B78: SPARGERE BETON - CAROSABIL | C78: =SUM(D78:X78) | D78: 0 | E78: 0 | F78: 0 | G78: 0 | H78: 0 | I78: 0 | J78: 0 | K78: 0 | L78: 0 | M78: 0 | N78: 0 | O78: 0 | P78: 0 | Q78: 0 | R78: 0 | S78: 0 | T78: 0 | U78: 0 | V78: 0 | W78: 0 | X78: 0
A79: COP 10 | B79: SPARGERE BETON - FUNDATIE DRUM | C79: =SUM(D79:X79) | D79: 0 | E79: 0 | F79: 0 | G79: 0 | H79: 0 | I79: 0 | J79: 0 | K79: 0 | L79: 0 | M79: 0 | N79: 0 | O79: 0 | P79: 0 | Q79: 0 | R79: 0 | S79: 0 | T79: 0 | U79: 0 | V79: 0 | W79: 0 | X79: 0
A80: COP 11 | B80: DEMONTARE CABLU DIN CANALIZARE MAI MIC SAU EGAL DE 600/0.4 | C80: =SUM(D80:X80) | D80: 0 | E80: 0 | F80: 0 | G80: 0 | H80: 0 | I80: 0 | J80: 0 | K80: 0 | L80: 0 | M80: 0 | N80: 0 | O80: 0 | P80: 0 | Q80: 0 | R80: 0 | S80: 0 | T80: 0 | U80: 0 | V80: 0 | W80: 0 | X80: 0
A81: COP 12 | B81: DEMONTARE CABLU DE TELECOM DE PE ZID | C81: =SUM(D81:X81) | D81: 0 | E81: 0 | F81: 0 | G81: 0 | H81: 0 | I81: 0 | J81: 0 | K81: 0 | L81: 0 | M81: 0 | N81: 0 | O81: 0 | P81: 0 | Q81: 0 | R81: 0 | S81: 0 | T81: 0 | U81: 0 | V81: 0 | W81: 0 | X81: 0
A82: COP 13 | B82: DEMONTARE CABLU DE TELECOM. DE PE STALPI (MANOPERA DE DEMONTARE) | C82: =SUM(D82:X82) | D82: 0 | E82: 0 | F82: 0 | G82: 0 | H82: 0 | I82: 0 | J82: 0 | K82: 0 | L82: 0 | M82: 0 | N82: 0 | O82: 0 | P82: 0 | Q82: 0 | R82: 0 | S82: 0 | T82: 0 | U82: 0 | V82: 0 | W82: 0 | X82: 0
... A95: COP 29 | B95: DEMONTARE CABLU + STREANG + BRIDA | C95: =SUM(D95:X95) | D95: 0 | E95: 0 | F95: 0 | G95: 0 | H95: 0 | I95: 0 | J95: 0 | K95: 0 | L95: 0 | M95: 0 | N95: 0 | O95: 0 | P95: 0 | Q95: 0 | R95: 0 | S95: 0 | T95: 0 | U95: 0 | V95: 0 | W95: 0 | X95: 0
B96: TOTAL CABLU | C96: =SUM(C95+C94+C93+C88+C82+C81+C80)
B98: PERSOANE
B102: MIERCURI | C102: =SUM(F2)
A103: COP 1 | B103: EPUIZAREA MECANICA A APEI CU MOTOPOMPA | C103: =SUM(D103:X103) | D103: 0 | E103: 0 | F103: 0 | G103: 0 | H103: 0 | I103: 0 | J103: 0 | K103: 0 | L103: 0 | M103: 0 | N103: 0 | O103: 0 | P103: 0 | Q103: 0 | R103: 0 | S103: 0 | T103: 0 | U103: 0 | V103: 0 | W103: 0 | X103: 0
A104: COP 2 | B104: REFACERI PAVAJE LA STRAZI (TOATTE MATERIALELE, TRANSPORTURILE SI MANOPERA INCLUSE) | C104: =SUM(D104:X104) | D104: 0 | E104: 0 | F104: 0 | G104: 0 | H104: 0 | I104: 0 | J104: 0 | K104: 0 | L104: 0 | M104: 0 | N104: 0 | O104: 0 | P104: 0 | Q104: 0 | R104: 0 | S104: 0 | T104: 0 | U104: 0 | V104: 0 | W104: 0 | X104: 0
A105: COP 3 | B105: REFACERI PAVAJE TROTUAR, ALEI PIETONALE (TOATE MATERIALELE, TRANSPORTURILE Sl MANOPERA INCLUSE) | C105: =SUM(D105:X105) | D105: 0 | E105: 0 | F105: 0 | G105: 0 | H105: 0 | I105: 0 | J105: 0 | K105: 0 | L105: 0 | M105: 0 | N105: 0 | O105: 0 | P105: 0 | Q105: 0 | R105: 0 | S105: 0 | T105: 0 | U105: 0 | V105: 0 | W105: 0 | X105: 0
A106: COP 4 | B106: INCHIRIERE MACARA / NACELA | C106: =SUM(D106:X106) | D106: 0 | E106: 0 | F106: 0 | G106: 0 | H106: 0 | I106: 0 | J106: 0 | K106: 0 | L106: 0 | M106: 0 | N106: 0 | O106: 0 | P106: 0 | Q106: 0 | R106: 0 | S106: 0 | T106: 0 | U106: 0 | V106: 0 | W106: 0 | X106: 0
A107: COP 5 | B107: TRANSPORT MATERIALE MASINA 1.5 T | C107: =SUM(D107:X107) | D107: 0 | E107: 0 | F107: 0 | G107: 0 | H107: 0 | I107: 0 | J107: 0 | K107: 0 | L107: 0 | M107: 0 | N107: 0 | O107: 0 | P107: 0 | Q107: 0 | R107: 0 | S107: 0 | T107: 0 | U107: 0 | V107: 0 | W107: 0 | X107: 0
A108: COP 6 | B108: TRANSPORT MATERIALE MASINA 3.5 T | C108: =SUM(D108:X108) | D108: 0 | E108: 0 | F108: 0 | G108: 0 | H108: 0 | I108: 0 | J108: 0 | K108: 0 | L108: 0 | M108: 0 | N108: 0 | O108: 0 | P108: 0 | Q108: 0 | R108: 0 | S108: 0 | T108: 0 | U108: 0 | V108: 0 | W108: 0 | X108: 0
A109: COP 8 | B109: TRANSPORT MATERIALE MASINA 20 T | C109: =SUM(D109:X109) | D109: 0 | E109: 0 | F109: 0 | G109: 0 | H109: 0 | I109: 0 | J109: 0 | K109: 0 | L109: 0 | M109: 0 | N109: 0 | O109: 0 | P109: 0 | Q109: 0 | R109: 0 | S109: 0 | T109: 0 | U109: 0 | V109: 0 | W109: 0 | X109: 0
A110: COP 9 | B110: SPARGERE BETON - CAROSABIL | C110: =SUM(D110:X110) | D110: 0 | E110: 0 | F110: 0 | G110: 0 | H110: 0 | I110: 0 | J110: 0 | K110: 0 | L110: 0 | M110: 0 | N110: 0 | O110: 0 | P110: 0 | Q110: 0 | R110: 0 | S110: 0 | T110: 0 | U110: 0 | V110: 0 | W110: 0 | X110: 0
A111: COP 10 | B111: SPARGERE BETON - FUNDATIE DRUM | C111: =SUM(D111:X111) | D111: 0 | E111: 0 | F111: 0 | G111: 0 | H111: 0 | I111: 0 | J111: 0 | K111: 0 | L111: 0 | M111: 0 | N111: 0 | O111: 0 | P111: 0 | Q111: 0 | R111: 0 | S111: 0 | T111: 0 | U111: 0 | V111: 0 | W111: 0 | X111: 0
A112: COP 11 | B112: DEMONTARE CABLU DIN CANALIZARE MAI MIC SAU EGAL DE 600/0.4 | C112: =SUM(D112:X112) | D112: 0 | E112: 0 | F112: 0 | G112: 0 | H112: 0 | I112: 0 | J112: 0 | K112: 0 | L112: 0 | M112: 0 | N112: 0 | O112: 0 | P112: 0 | Q112: 0 | R112: 0 | S112: 0 | T112: 0 | U112: 0 | V112: 0 | W112: 0 | X112: 0
A113: COP 12 | B113: DEMONTARE CABLU DE TELECOM DE PE ZID | C113: =SUM(D113:X113) | D113: 0 | E113: 0 | F113: 0 | G113: 0 | H113: 0 | I113: 0 | J113: 0 | K113: 0 | L113: 0 | M113: 0 | N113: 0 | O113: 0 | P113: 0 | Q113: 0 | R113: 0 | S113: 0 | T113: 0 | U113: 0 | V113: 0 | W113: 0 | X113: 0
A114: COP 13 | B114: DEMONTARE CABLU DE TELECOM. DE PE STALPI (MANOPERA DE DEMONTARE) | C114: =SUM(D114:X114) | D114: 0 | E114: 0 | F114: 0 | G114: 0 | H114: 0 | I114: 0 | J114: 0 | K114: 0 | L114: 0 | M114: 0 | N114: 0 | O114: 0 | P114: 0 | Q114: 0 | R114: 0 | S114: 0 | T114: 0 | U114: 0 | V114: 0 | W114: 0 | X114: 0
... A127: COP 29 | B127: DEMONTARE CABLU + STREANG + BRIDA | C127: =SUM(D127:X127) | D127: 0 | E127: 0 | F127: 0 | G127: 0 | H127: 0 | I127: 0 | J127: 0 | K127: 0 | L127: 0 | M127: 0 | N127: 0 | O127: 0 | P127: 0 | Q127: 0 | R127: 0 | S127: 0 | T127: 0 | U127: 0 | V127: 0 | W127: 0 | X127: 0
B128: TOTAL CABLU | C128: =SUM(C127+C126+C125+C120+C114+C113+C112)
B130: PERSOANE
B134: JOI | C134: =SUM(G2)
A135: COP 1 | B135: EPUIZAREA MECANICA A APEI CU MOTOPOMPA | C135: =SUM(D135:X135) | D135: 0 | E135: 0 | F135: 0 | G135: 0 | H135: 0 | I135: 0 | J135: 0 | K135: 0 | L135: 0 | M135: 0 | N135: 0 | O135: 0 | P135: 0 | Q135: 0 | R135: 0 | S135: 0 | T135: 0 | U135: 0 | V135: 0 | W135: 0 | X135: 0
A136: COP 2 | B136: REFACERI PAVAJE LA STRAZI (TOATTE MATERIALELE, TRANSPORTURILE SI MANOPERA INCLUSE) | C136: =SUM(D136:X136) | D136: 0 | E136: 0 | F136: 0 | G136: 0 | H136: 0 | I136: 0 | J136: 0 | K136: 0 | L136: 0 | M136: 0 | N136: 0 | O136: 0 | P136: 0 | Q136: 0 | R136: 0 | S136: 0 | T136: 0 | U136: 0 | V136: 0 | W136: 0 | X136: 0
A137: COP 3 | B137: REFACERI PAVAJE TROTUAR, ALEI PIETONALE (TOATE MATERIALELE, TRANSPORTURILE Sl MANOPERA INCLUSE) | C137: =SUM(D137:X137) | D137: 0 | E137: 0 | F137: 0 | G137: 0 | H137: 0 | I137: 0 | J137: 0 | K137: 0 | L137: 0 | M137: 0 | N137: 0 | O137: 0 | P137: 0 | Q137: 0 | R137: 0 | S137: 0 | T137: 0 | U137: 0 | V137: 0 | W137: 0 | X137: 0
A138: COP 4 | B138: INCHIRIERE MACARA / NACELA | C138: =SUM(D138:X138) | D138: 0 | E138: 0 | F138: 0 | G138: 0 | H138: 0 | I138: 0 | J138: 0 | K138: 0 | L138: 0 | M138: 0 | N138: 0 | O138: 0 | P138: 0 | Q138: 0 | R138: 0 | S138: 0 | T138: 0 | U138: 0 | V138: 0 | W138: 0 | X138: 0
A139: COP 5 | B139: TRANSPORT MATERIALE MASINA 1.5 T | C139: =SUM(D139:X139) | D139: 0 | E139: 0 | F139: 0 | G139: 0 | H139: 0 | I139: 0 | J139: 0 | K139: 0 | L139: 0 | M139: 0 | N139: 0 | O139: 0 | P139: 0 | Q139: 0 | R139: 0 | S139: 0 | T139: 0 | U139: 0 | V139: 0 | W139: 0 | X139: 0
A140: COP 6 | B140: TRANSPORT MATERIALE MASINA 3.5 T | C140: =SUM(D140:X140) | D140: 0 | E140: 0 | F140: 0 | G140: 0 | H140: 0 | I140: 0 | J140: 0 | K140: 0 | L140: 0 | M140: 0 | N140: 0 | O140: 0 | P140: 0 | Q140: 0 | R140: 0 | S140: 0 | T140: 0 | U140: 0 | V140: 0 | W140: 0 | X140: 0
A141: COP 8 | B141: TRANSPORT MATERIALE MASINA 20 T | C141: =SUM(D141:X141) | D141: 0 | E141: 0 | F141: 0 | G141: 0 | H141: 0 | I141: 0 | J141: 0 | K141: 0 | L141: 0 | M141: 0 | N141: 0 | O141: 0 | P141: 0 | Q141: 0 | R141: 0 | S141: 0 | T141: 0 | U141: 0 | V141: 0 | W141: 0 | X141: 0
A142: COP 9 | B142: SPARGERE BETON - CAROSABIL | C142: =SUM(D142:X142) | D142: 0 | E142: 0 | F142: 0 | G142: 0 | H142: 0 | I142: 0 | J142: 0 | K142: 0 | L142: 0 | M142: 0 | N142: 0 | O142: 0 | P142: 0 | Q142: 0 | R142: 0 | S142: 0 | T142: 0 | U142: 0 | V142: 0 | W142: 0 | X142: 0
A143: COP 10 | B143: SPARGERE BETON - FUNDATIE DRUM | C143: =SUM(D143:X143) | D143: 0 | E143: 0 | F143: 0 | G143: 0 | H143: 0 | I143: 0 | J143: 0 | K143: 0 | L143: 0 | M143: 0 | N143: 0 | O143: 0 | P143: 0 | Q143: 0 | R143: 0 | S143: 0 | T143: 0 | U143: 0 | V143: 0 | W143: 0 | X143: 0
A144: COP 11 | B144: DEMONTARE CABLU DIN CANALIZARE MAI MIC SAU EGAL DE 600/0.4 | C144: =SUM(D144:X144) | D144: 0 | E144: 0 | F144: 0 | G144: 0 | H144: 0 | I144: 0 | J144: 0 | K144: 0 | L144: 0 | M144: 0 | N144: 0 | O144: 0 | P144: 0 | Q144: 0 | R144: 0 | S144: 0 | T144: 0 | U144: 0 | V144: 0 | W144: 0 | X144: 0
A145: COP 12 | B145: DEMONTARE CABLU DE TELECOM DE PE ZID | C145: =SUM(D145:X145) | D145: 0 | E145: 0 | F145: 0 | G145: 0 | H145: 0 | I145: 0 | J145: 0 | K145: 0 | L145: 0 | M145: 0 | N145: 0 | O145: 0 | P145: 0 | Q145: 0 | R145: 0 | S145: 0 | T145: 0 | U145: 0 | V145: 0 | W145: 0 | X145: 0
A146: COP 13 | B146: DEMONTARE CABLU DE TELECOM. DE PE STALPI (MANOPERA DE DEMONTARE) | C146: =SUM(D146:X146) | D146: 0 | E146: 0 | F146: 0 | G146: 0 | H146: 0 | I146: 0 | J146: 0 | K146: 0 | L146: 0 | M146: 0 | N146: 0 | O146: 0 | P146: 0 | Q146: 0 | R146: 0 | S146: 0 | T146: 0 | U146: 0 | V146: 0 | W146: 0 | X146: 0
... A159: COP 29 | B159: DEMONTARE CABLU + STREANG + BRIDA | C159: =SUM(D159:X159) | D159: 0 | E159: 0 | F159: 0 | G159: 0 | H159: 0 | I159: 0 | J159: 0 | K159: 0 | L159: 0 | M159: 0 | N159: 0 | O159: 0 | P159: 0 | Q159: 0 | R159: 0 | S159: 0 | T159: 0 | U159: 0 | V159: 0 | W159: 0 | X159: 0
B160: TOTAL CABLU | C160: =SUM(C159+C158+C157+C152+C146+C145+C144)
B162: PERSOANE
B166: VINERI | C166: =SUM(H2)
A167: COP 1 | B167: EPUIZAREA MECANICA A APEI CU MOTOPOMPA | C167: =SUM(D167:X167) | D167: 0 | E167: 0 | F167: 0 | G167: 0 | H167: 0 | I167: 0 | J167: 0 | K167: 0 | L167: 0 | M167: 0 | N167: 0 | O167: 0 | P167: 0 | Q167: 0 | R167: 0 | S167: 0 | T167: 0 | U167: 0 | V167: 0 | W167: 0 | X167: 0
A168: COP 2 | B168: REFACERI PAVAJE LA STRAZI (TOATTE MATERIALELE, TRANSPORTURILE SI MANOPERA INCLUSE) | C168: =SUM(D168:X168) | D168: 0 | E168: 0 | F168: 0 | G168: 0 | H168: 0 | I168: 0 | J168: 0 | K168: 0 | L168: 0 | M168: 0 | N168: 0 | O168: 0 | P168: 0 | Q168: 0 | R168: 0 | S168: 0 | T168: 0 | U168: 0 | V168: 0 | W168: 0 | X168: 0
A169: COP 3 | B169: REFACERI PAVAJE TROTUAR, ALEI PIETONALE (TOATE MATERIALELE, TRANSPORTURILE Sl MANOPERA INCLUSE) | C169: =SUM(D169:X169) | D169: 0 | E169: 0 | F169: 0 | G169: 0 | H169: 0 | I169: 0 | J169: 0 | K169: 0 | L169: 0 | M169: 0 | N169: 0 | O169: 0 | P169: 0 | Q169: 0 | R169: 0 | S169: 0 | T169: 0 | U169: 0 | V169: 0 | W169: 0 | X169: 0
...

Sheet SHEET_GOL_4
A2: Nr. Crt | B2: Descriere articol | C2: TOTAL | D2: 46216 | E2: 46217 | F2: 46218 | G2: 46219 | H2: 46220 | I2: 46221 | J2: PRET | K2: TOTAL | W2: PRET BIS | X2: ADAOS ml | Y2: ADAOS % | Z2: ADAOS
A3: COP 1 | B3: EPUIZAREA MECANICA A APEI CU MOTOPOMPA | C3: =SUM(D3:I3) | D3: =SUM(C39) | E3: =SUM(C71) | F3: =SUM(C103) | G3: =SUM(C135) | H3: =SUM(C167) | I3: =SUM(C199) | J3: 2.09 | K3: =SUM(C3*J3) | W3: 2.49 | X3: =SUM(W3-J3) | Y3: =SUM(X3*1/W3) | Z3: =SUM(C3*X3)
A4: COP 2 | B4: REFACERI PAVAJE LA STRAZI (TOATTE MATERIALELE, TRANSPORTURILE SI MANOPERA INCLUSE) | C4: =SUM(D4:I4) | D4: =SUM(C40) | E4: =SUM(C72) | F4: =SUM(C104) | G4: =SUM(C136) | H4: =SUM(C168) | I4: =SUM(C200) | J4: 42.12 | K4: =SUM(C4*J4) | W4: 50.03 | X4: =SUM(W4-J4) | Y4: =SUM(X4*1/W4) | Z4: =SUM(C4*X4)
A5: COP 3 | B5: REFACERI PAVAJE TROTUAR, ALEI PIETONALE (TOATE MATERIALELE, TRANSPORTURILE Sl MANOPERA INCLUSE) | C5: =SUM(D5:I5) | D5: =SUM(C41) | E5: =SUM(C73) | F5: =SUM(C105) | G5: =SUM(C137) | H5: =SUM(C169) | I5: =SUM(C201) | J5: 18.43 | K5: =SUM(C5*J5) | W5: 21.89 | X5: =SUM(W5-J5) | Y5: =SUM(X5*1/W5) | Z5: =SUM(C5*X5)
A6: COP 4 | B6: INCHIRIERE MACARA / NACELA | C6: =SUM(D6:I6) | D6: =SUM(C42) | E6: =SUM(C74) | F6: =SUM(C106) | G6: =SUM(C138) | H6: =SUM(C170) | I6: =SUM(C202) | J6: 27 | K6: =SUM(C6*J6) | W6: 31.29 | X6: =SUM(W6-J6) | Y6: =SUM(X6*1/W6) | Z6: =SUM(C6*X6)
A7: COP 5 | B7: TRANSPORT MATERIALE MASINA 1.5 T | C7: =SUM(D7:I7) | D7: =SUM(C43) | E7: =SUM(C75) | F7: =SUM(C107) | G7: =SUM(C139) | H7: =SUM(C171) | I7: =SUM(C203) | J7: 0.41 | K7: =SUM(C7*J7) | W7: 0.62 | X7: =SUM(W7-J7) | Y7: =SUM(X7*1/W7) | Z7: =SUM(C7*X7)
A8: COP 6 | B8: TRANSPORT MATERIALE MASINA 3.5 T | C8: =SUM(D8:I8) | D8: =SUM(C44) | E8: =SUM(C76) | F8: =SUM(C108) | G8: =SUM(C140) | H8: =SUM(C172) | I8: =SUM(C204) | J8: 0.63 | K8: =SUM(C8*J8) | W8: 0.75 | X8: =SUM(W8-J8) | Y8: =SUM(X8*1/W8) | Z8: =SUM(C8*X8)
A9: COP 8 | B9: TRANSPORT MATERIALE MASINA 20 T | C9: =SUM(D9:I9) | D9: =SUM(C45) | E9: =SUM(C77) | F9: =SUM(C109) | G9: =SUM(C141) | H9: =SUM(C173) | I9: =SUM(C205) | J9: 1.07 | K9: =SUM(C9*J9) | W9: 1.27 | X9: =SUM(W9-J9) | Y9: =SUM(X9*1/W9) | Z9: =SUM(C9*X9)
A10: COP 9 | B10: SPARGERE BETON - CAROSABIL | C10: =SUM(D10:I10) | D10: =SUM(C46) | E10: =SUM(C78) | F10: =SUM(C110) | G10: =SUM(C142) | H10: =SUM(C174) | I10: =SUM(C206) | J10: 14.31 | K10: =SUM(C10*J10) | W10: 17.41 | X10: =SUM(W10-J10) | Y10: =SUM(X10*1/W10) | Z10: =SUM(C10*X10)
A11: COP 10 | B11: SPARGERE BETON - FUNDATIE DRUM | C11: =SUM(D11:I11) | D11: =SUM(C47) | E11: =SUM(C79) | F11: =SUM(C111) | G11: =SUM(C143) | H11: =SUM(C175) | I11: =SUM(C207) | J11: 12.45 | K11: =SUM(C11*J11) | W11: 15.55 | X11: =SUM(W11-J11) | Y11: =SUM(X11*1/W11) | Z11: =SUM(C11*X11)
A12: COP 11 | B12: DEMONTARE CABLU DIN CANALIZARE MAI MIC SAU EGAL DE 600/0.4 | C12: =SUM(D12:I12) | D12: =SUM(C48) | E12: =SUM(C80) | F12: =SUM(C112) | G12: =SUM(C144) | H12: =SUM(C176) | I12: =SUM(C208) | J12: 0.2 | K12: =SUM(C12*J12) | O12: =SUM(D12*1.25) | P12: =SUM(E12*1.25) | Q12: =SUM(F12*1.25) | R12: =SUM(G12*1.25) | S12: =SUM(H12*1.25) | T12: =SUM(I12*1.25) | W12: 0.24 | X12: =SUM(W12-J12) | Y12: =SUM(X12*1/W12) | Z12: =SUM(C12*X12)
A13: COP 12 | B13: DEMONTARE CABLU DE TELECOM DE PE ZID | C13: =SUM(D13:I13) | D13: =SUM(C49) | E13: =SUM(C81) | F13: =SUM(C113) | G13: =SUM(C145) | H13: =SUM(C177) | I13: =SUM(C209) | J13: 0.32 | K13: =SUM(C13*J13) | O13: =SUM(D13*1.3) | P13: =SUM(E13*1.3) | Q13: =SUM(F13*1.3) | R13: =SUM(G13*1.3) | S13: =SUM(H13*1.3) | T13: =SUM(I13*1.3) | W13: 0.39 | X13: =SUM(W13-J13) | Y13: =SUM(X13*1/W13) | Z13: =SUM(C13*X13)
A14: COP 13 | B14: DEMONTARE CABLU DE TELECOM. DE PE STALPI (MANOPERA DE DEMONTARE) | C14: =SUM(D14:I14) | D14: =SUM(C50) | E14: =SUM(C82) | F14: =SUM(C114) | G14: =SUM(C146) | H14: =SUM(C178) | I14: =SUM(C210) | J14: 0.15 | K14: =SUM(C14*J14) | O14: =SUM(D14) | P14: =SUM(E14) | Q14: =SUM(F14) | R14: =SUM(G14) | S14: =SUM(H14) | T14: =SUM(I14) | W14: 0.18 | X14: =SUM(W14-J14) | Y14: =SUM(X14*1/W14) | Z14: =SUM(C14*X14)
A15: COP 14 | B15: DEMONTARE STREANG SAU BRIDA SAU SARMA RADIOFICARE | C15: =SUM(D15:I15) | D15: =SUM(C51) | E15: =SUM(C83) | F15: =SUM(C115) | G15: =SUM(C147) | H15: =SUM(C179) | I15: =SUM(C211) | J15: 0.14 | K15: =SUM(C15*J15) | O15: =SUM(D15) | P15: =SUM(E15) | Q15: =SUM(F15) | R15: =SUM(G15) | S15: =SUM(H15) | T15: =SUM(I15) | W15: 0.17 | X15: =SUM(W15-J15) | Y15: =SUM(X15*1/W15) | Z15: =SUM(C15*X15)
A16: COP 15 | B16: DEMONTARE STALP DE LEMN OROC | C16: =SUM(D16:I16) | D16: =SUM(C52) | E16: =SUM(C84) | F16: =SUM(C116) | G16: =SUM(C148) | H16: =SUM(C180) | I16: =SUM(C212) | J16: 14.16 | K16: =SUM(C16*J16) | W16: 16.82 | X16: =SUM(W16-J16) | Y16: =SUM(X16*1/W16) | Z16: =SUM(C16*X16)
A17: COP 16 | B17: DEMONTARE TRAVERSA (SUPORTI RADIOFICARE) CONSOLA | C17: =SUM(D17:I17) | D17: =SUM(C53) | E17: =SUM(C85) | F17: =SUM(C117) | G17: =SUM(C149) | H17: =SUM(C181) | I17: =SUM(C213) | J17: 0.49 | K17: =SUM(C17*J17) | W17: 0.59 | X17: =SUM(W17-J17) | Y17: =SUM(X17*1/W17) | Z17: =SUM(C17*X17)
A18: COP 17 | B18: DEMONTARE CUTIE TERMINALA | C18: =SUM(D18:I18) | D18: =SUM(C54) | E18: =SUM(C86) | F18: =SUM(C118) | G18: =SUM(C150) | H18: =SUM(C182) | I18: =SUM(C214) | J18: 1.49 | K18: =SUM(C18*J18) | W18: 1.78 | X18: =SUM(W18-J18) | Y18: =SUM(X18*1/W18) | Z18: =SUM(C18*X18)
A19: COP 18 | B19: DEMONTARE APARATOARE 'U' DE CABLU (50MM) | C19: =SUM(D19:I19) | D19: =SUM(C55) | E19: =SUM(C87) | F19: =SUM(C119) | G19: =SUM(C151) | H19: =SUM(C183) | I19: =SUM(C215) | J19: 1.3 | K19: =SUM(C19*J19) | W19: 1.55 | X19: =SUM(W19-J19) | Y19: =SUM(X19*1/W19) | Z19: =SUM(C19*X19)
A20: COP 20 | B20: DEMONTARE CABLU DIN CANALIZARE MAI MARE SAU EGAL DE 600/0.6 | C20: =SUM(D20:I20) | D20: =SUM(C56) | E20: =SUM(C88) | F20: =SUM(C120) | G20: =SUM(C152) | H20: =SUM(C184) | I20: =SUM(C216) | J20: 0.51 | K20: =SUM(C20*J20) | O20: =SUM(D20*2) | P20: =SUM(E20*2) | Q20: =SUM(F20*2) | R20: =SUM(G20*2) | S20: =SUM(H20*2) | T20: =SUM(I20*2) | W20: 0.61 | X20: =SUM(W20-J20) | Y20: =SUM(X20*1/W20) | Z20: =SUM(C20*X20)
A21: COP 21 | B21: Vidanjare camine | C21: =SUM(D21:I21) | D21: =SUM(C57) | E21: =SUM(C89) | F21: =SUM(C121) | G21: =SUM(C153) | H21: =SUM(C185) | I21: =SUM(C217) | J21: 6.62 | K21: =SUM(C21*J21) | W21: 7.87 | X21: =SUM(W21-J21) | Y21: =SUM(X21*1/W21) | Z21: =SUM(C21*X21)
A22: COP 23 | B22: Asistenta Tehnica (echipa 2 tehnicieni) | C22: =SUM(D22:I22) | D22: =SUM(C58) | E22: =SUM(C90) | F22: =SUM(C122) | G22: =SUM(C154) | H22: =SUM(C186) | I22: =SUM(C218) | J22: 32 | K22: =SUM(C22*J22) | W22: 38 | X22: =SUM(W22-J22) | Y22: =SUM(X22*1/W22) | Z22: =SUM(C22*X22)
A23: COP 24 | B23: INCHIRIERE BULDOEXCAVATOR SAU UTILAJ | C23: =SUM(D23:I23) | D23: =SUM(C59) | E23: =SUM(C91) | F23: =SUM(C123) | G23: =SUM(C155) | H23: =SUM(C187) | I23: =SUM(C219) | J23: 31.31 | K23: =SUM(C23*J23) | W23: 37.18 | X23: =SUM(W23-J23) | Y23: =SUM(X23*1/W23) | Z23: =SUM(C23*X23)
A24: COP 26 | B24: Inchiriere TIR cu ora ( pentru perioada de stationare pana la incarcarea completa) | C24: =SUM(D24:I24) | D24: =SUM(C60) | E24: =SUM(C92) | F24: =SUM(C124) | G24: =SUM(C156) | H24: =SUM(C188) | I24: =SUM(C220) | J24: 13.87 | K24: =SUM(C24*J24) | N24: AERIAN : RURAL | W24: 16.47 | X24: =SUM(W24-J24) | Y24: =SUM(X24*1/W24) | Z24: =SUM(C24*X24)
A25: COP 27 | B25: DEMONTARE CABLU + STREANG | C25: =SUM(D25:I25) | D25: =SUM(C61) | E25: =SUM(C93) | F25: =SUM(C125) | G25: =SUM(C157) | H25: =SUM(C189) | I25: =SUM(C221) | J25: 0.19 | K25: =SUM(C25*J25) | N25: CANALIZATIE : URBAN | O25: =SUM(D25*1.2) | P25: =SUM(E25*1.2) | Q25: =SUM(F25*1.2) | R25: =SUM(G25*1.2) | S25: =SUM(H25*1.2) | T25: =SUM(I25*1.2) | W25: 0.23 | X25: =SUM(W25-J25) | Y25: =SUM(X25*1/W25) | Z25: =SUM(C25*X25)
A26: COP 28 | B26: DEMONTARE CABLU + BRIDA SAU STREANG + BRIDA | C26: =SUM(D26:I26) | D26: =SUM(C62) | E26: =SUM(C94) | F26: =SUM(C126) | G26: =SUM(C158) | H26: =SUM(C190) | I26: =SUM(C222) | J26: 0.16 | K26: =SUM(C26*J26) | M26: Zile lucrate | N26: 5 | O26: =SUM(D26*1.1) | P26: =SUM(E26*1.1) | Q26: =SUM(F26*1.1) | R26: =SUM(G26*1.1) | S26: =SUM(H26*1.1) | T26: =SUM(I26*1.1) | W26: 0.2 | X26: =SUM(W26-J26) | Y26: =SUM(X26*1/W26) | Z26: =SUM(C26*X26)
A27: COP 29 | B27: DEMONTARE CABLU + STREANG + BRIDA | C27: =SUM(D27:I27) | D27: =SUM(C63) | E27: =SUM(C95) | F27: =SUM(C127) | G27: =SUM(C159) | H27: =SUM(C191) | I27: =SUM(C223) | J27: 0.28 | K27: =SUM(C27*J27) | M27: Persoane Media saptamanala | N27: =SUM((D66+D98+D130+D162+D194)/N26) | O27: =SUM(D27*2) | P27: =SUM(E27*2) | Q27: =SUM(F27*2) | R27: =SUM(G27*2) | S27: =SUM(H27*2) | T27: =SUM(I27*2) | W27: 0.34 | X27: =SUM(W27-J27) | Y27: =SUM(X27*1/W27) | Z27: =SUM(C27*X27)
J28: TOTAL EURO | K28: =SUM(K3:K27) | O28: =SUM(O3:O27) | P28: =SUM(P3:P27) | Q28: =SUM(Q3:Q27) | R28: =SUM(R3:R27) | S28: =SUM(S3:S27) | T28: =SUM(T3:T27) | W28: TOTAL ADAOS | Z28: =SUM(Z3:Z27)
J29: CURS EURO | K29: 5.2 | N29: TOTAL ml / pers. | O29: =SUM(O28/D66) | P29: =SUM(P28/D98) | Q29: =SUM(Q28/D130) | R29: =SUM(R28/D162) | S29: =SUM(S28/D194) | T29: =SUM(T28/D226)
J30: TOTAL RON | K30: =SUM(K29*K28)
J31: TVA | K31: =SUM(K30*0.21) | N31: Media zil. sapt. / pers. | O31: =SUM(O29+P29+Q29+R29+S29+T29)/ N26
J32: TOTAL GENERAL | K32: =SUM(K30*1.21)
N34: Observatii :
B37: LUNI | C37: =SUM(D2)
A39: COP 1 | B39: EPUIZAREA MECANICA A APEI CU MOTOPOMPA | C39: =SUM(D39:X39) | D39: 0 | E39: 0 | F39: 0 | G39: 0 | H39: 0 | I39: 0 | J39: 0 | K39: 0 | L39: 0 | M39: 0 | N39: 0 | O39: 0 | P39: 0 | Q39: 0 | R39: 0 | S39: 0 | T39: 0 | U39: 0 | V39: 0 | W39: 0 | X39: 0
A40: COP 2 | B40: REFACERI PAVAJE LA STRAZI (TOATTE MATERIALELE, TRANSPORTURILE SI MANOPERA INCLUSE) | C40: =SUM(D40:X40) | D40: 0 | E40: 0 | F40: 0 | G40: 0 | H40: 0 | I40: 0 | J40: 0 | K40: 0 | L40: 0 | M40: 0 | N40: 0 | O40: 0 | P40: 0 | Q40: 0 | R40: 0 | S40: 0 | T40: 0 | U40: 0 | V40: 0 | W40: 0 | X40: 0
A41: COP 3 | B41: REFACERI PAVAJE TROTUAR, ALEI PIETONALE (TOATE MATERIALELE, TRANSPORTURILE Sl MANOPERA INCLUSE) | C41: =SUM(D41:X41) | D41: 0 | E41: 0 | F41: 0 | G41: 0 | H41: 0 | I41: 0 | J41: 0 | K41: 0 | L41: 0 | M41: 0 | N41: 0 | O41: 0 | P41: 0 | Q41: 0 | R41: 0 | S41: 0 | T41: 0 | U41: 0 | V41: 0 | W41: 0 | X41: 0
A42: COP 4 | B42: INCHIRIERE MACARA / NACELA | C42: =SUM(D42:X42) | D42: 0 | E42: 0 | F42: 0 | G42: 0 | H42: 0 | I42: 0 | J42: 0 | K42: 0 | L42: 0 | M42: 0 | N42: 0 | O42: 0 | P42: 0 | Q42: 0 | R42: 0 | S42: 0 | T42: 0 | U42: 0 | V42: 0 | W42: 0 | X42: 0
A43: COP 5 | B43: TRANSPORT MATERIALE MASINA 1.5 T | C43: =SUM(D43:X43) | D43: 0 | E43: 0 | F43: 0 | G43: 0 | H43: 0 | I43: 0 | J43: 0 | K43: 0 | L43: 0 | M43: 0 | N43: 0 | O43: 0 | P43: 0 | Q43: 0 | R43: 0 | S43: 0 | T43: 0 | U43: 0 | V43: 0 | W43: 0 | X43: 0
A44: COP 6 | B44: TRANSPORT MATERIALE MASINA 3.5 T | C44: =SUM(D44:X44) | D44: 0 | E44: 0 | F44: 0 | G44: 0 | H44: 0 | I44: 0 | J44: 0 | K44: 0 | L44: 0 | M44: 0 | N44: 0 | O44: 0 | P44: 0 | Q44: 0 | R44: 0 | S44: 0 | T44: 0 | U44: 0 | V44: 0 | W44: 0 | X44: 0
A45: COP 8 | B45: TRANSPORT MATERIALE MASINA 20 T | C45: =SUM(D45:X45) | D45: 0 | E45: 0 | F45: 0 | G45: 0 | H45: 0 | I45: 0 | J45: 0 | K45: 0 | L45: 0 | M45: 0 | N45: 0 | O45: 0 | P45: 0 | Q45: 0 | R45: 0 | S45: 0 | T45: 0 | U45: 0 | V45: 0 | W45: 0 | X45: 0
A46: COP 9 | B46: SPARGERE BETON - CAROSABIL | C46: =SUM(D46:X46) | D46: 0 | E46: 0 | F46: 0 | G46: 0 | H46: 0 | I46: 0 | J46: 0 | K46: 0 | L46: 0 | M46: 0 | N46: 0 | O46: 0 | P46: 0 | Q46: 0 | R46: 0 | S46: 0 | T46: 0 | U46: 0 | V46: 0 | W46: 0 | X46: 0
A47: COP 10 | B47: SPARGERE BETON - FUNDATIE DRUM | C47: =SUM(D47:X47) | D47: 0 | E47: 0 | F47: 0 | G47: 0 | H47: 0 | I47: 0 | J47: 0 | K47: 0 | L47: 0 | M47: 0 | N47: 0 | O47: 0 | P47: 0 | Q47: 0 | R47: 0 | S47: 0 | T47: 0 | U47: 0 | V47: 0 | W47: 0 | X47: 0
A48: COP 11 | B48: DEMONTARE CABLU DIN CANALIZARE MAI MIC SAU EGAL DE 600/0.4 | C48: =SUM(D48:X48) | D48: 0 | E48: 0 | F48: 0 | G48: 0 | H48: 0 | I48: 0 | J48: 0 | K48: 0 | L48: 0 | M48: 0 | N48: 0 | O48: 0 | P48: 0 | Q48: 0 | R48: 0 | S48: 0 | T48: 0 | U48: 0 | V48: 0 | W48: 0 | X48: 0
A49: COP 12 | B49: DEMONTARE CABLU DE TELECOM DE PE ZID | C49: =SUM(D49:X49) | D49: 0 | E49: 0 | F49: 0 | G49: 0 | H49: 0 | I49: 0 | J49: 0 | K49: 0 | L49: 0 | M49: 0 | N49: 0 | O49: 0 | P49: 0 | Q49: 0 | R49: 0 | S49: 0 | T49: 0 | U49: 0 | V49: 0 | W49: 0 | X49: 0
A50: COP 13 | B50: DEMONTARE CABLU DE TELECOM. DE PE STALPI (MANOPERA DE DEMONTARE) | C50: =SUM(D50:X50) | D50: 0 | E50: 0 | F50: 0 | G50: 0 | H50: 0 | I50: 0 | J50: 0 | K50: 0 | L50: 0 | M50: 0 | N50: 0 | O50: 0 | P50: 0 | Q50: 0 | R50: 0 | S50: 0 | T50: 0 | U50: 0 | V50: 0 | W50: 0 | X50: 0
... A63: COP 29 | B63: DEMONTARE CABLU + STREANG + BRIDA | C63: =SUM(D63:X63) | D63: 0 | E63: 0 | F63: 0 | G63: 0 | H63: 0 | I63: 0 | J63: 0 | K63: 0 | L63: 0 | M63: 0 | N63: 0 | O63: 0 | P63: 0 | Q63: 0 | R63: 0 | S63: 0 | T63: 0 | U63: 0 | V63: 0 | W63: 0 | X63: 0
B64: TOTAL CABLU | C64: =SUM(C63+C62+C61+C56+C50+C49+C48)
B66: PERSOANE
B70: MARTI | C70: =SUM(E2)
A71: COP 1 | B71: EPUIZAREA MECANICA A APEI CU MOTOPOMPA | C71: =SUM(D71:X71) | D71: 0 | E71: 0 | F71: 0 | G71: 0 | H71: 0 | I71: 0 | J71: 0 | K71: 0 | L71: 0 | M71: 0 | N71: 0 | O71: 0 | P71: 0 | Q71: 0 | R71: 0 | S71: 0 | T71: 0 | U71: 0 | V71: 0 | W71: 0 | X71: 0
A72: COP 2 | B72: REFACERI PAVAJE LA STRAZI (TOATTE MATERIALELE, TRANSPORTURILE SI MANOPERA INCLUSE) | C72: =SUM(D72:X72) | D72: 0 | E72: 0 | F72: 0 | G72: 0 | H72: 0 | I72: 0 | J72: 0 | K72: 0 | L72: 0 | M72: 0 | N72: 0 | O72: 0 | P72: 0 | Q72: 0 | R72: 0 | S72: 0 | T72: 0 | U72: 0 | V72: 0 | W72: 0 | X72: 0
A73: COP 3 | B73: REFACERI PAVAJE TROTUAR, ALEI PIETONALE (TOATE MATERIALELE, TRANSPORTURILE Sl MANOPERA INCLUSE) | C73: =SUM(D73:X73) | D73: 0 | E73: 0 | F73: 0 | G73: 0 | H73: 0 | I73: 0 | J73: 0 | K73: 0 | L73: 0 | M73: 0 | N73: 0 | O73: 0 | P73: 0 | Q73: 0 | R73: 0 | S73: 0 | T73: 0 | U73: 0 | V73: 0 | W73: 0 | X73: 0
A74: COP 4 | B74: INCHIRIERE MACARA / NACELA | C74: =SUM(D74:X74) | D74: 0 | E74: 0 | F74: 0 | G74: 0 | H74: 0 | I74: 0 | J74: 0 | K74: 0 | L74: 0 | M74: 0 | N74: 0 | O74: 0 | P74: 0 | Q74: 0 | R74: 0 | S74: 0 | T74: 0 | U74: 0 | V74: 0 | W74: 0 | X74: 0
A75: COP 5 | B75: TRANSPORT MATERIALE MASINA 1.5 T | C75: =SUM(D75:X75) | D75: 0 | E75: 0 | F75: 0 | G75: 0 | H75: 0 | I75: 0 | J75: 0 | K75: 0 | L75: 0 | M75: 0 | N75: 0 | O75: 0 | P75: 0 | Q75: 0 | R75: 0 | S75: 0 | T75: 0 | U75: 0 | V75: 0 | W75: 0 | X75: 0
A76: COP 6 | B76: TRANSPORT MATERIALE MASINA 3.5 T | C76: =SUM(D76:X76) | D76: 0 | E76: 0 | F76: 0 | G76: 0 | H76: 0 | I76: 0 | J76: 0 | K76: 0 | L76: 0 | M76: 0 | N76: 0 | O76: 0 | P76: 0 | Q76: 0 | R76: 0 | S76: 0 | T76: 0 | U76: 0 | V76: 0 | W76: 0 | X76: 0
A77: COP 8 | B77: TRANSPORT MATERIALE MASINA 20 T | C77: =SUM(D77:X77) | D77: 0 | E77: 0 | F77: 0 | G77: 0 | H77: 0 | I77: 0 | J77: 0 | K77: 0 | L77: 0 | M77: 0 | N77: 0 | O77: 0 | P77: 0 | Q77: 0 | R77: 0 | S77: 0 | T77: 0 | U77: 0 | V77: 0 | W77: 0 | X77: 0
A78: COP 9 | B78: SPARGERE BETON - CAROSABIL | C78: =SUM(D78:X78) | D78: 0 | E78: 0 | F78: 0 | G78: 0 | H78: 0 | I78: 0 | J78: 0 | K78: 0 | L78: 0 | M78: 0 | N78: 0 | O78: 0 | P78: 0 | Q78: 0 | R78: 0 | S78: 0 | T78: 0 | U78: 0 | V78: 0 | W78: 0 | X78: 0
A79: COP 10 | B79: SPARGERE BETON - FUNDATIE DRUM | C79: =SUM(D79:X79) | D79: 0 | E79: 0 | F79: 0 | G79: 0 | H79: 0 | I79: 0 | J79: 0 | K79: 0 | L79: 0 | M79: 0 | N79: 0 | O79: 0 | P79: 0 | Q79: 0 | R79: 0 | S79: 0 | T79: 0 | U79: 0 | V79: 0 | W79: 0 | X79: 0
A80: COP 11 | B80: DEMONTARE CABLU DIN CANALIZARE MAI MIC SAU EGAL DE 600/0.4 | C80: =SUM(D80:X80) | D80: 0 | E80: 0 | F80: 0 | G80: 0 | H80: 0 | I80: 0 | J80: 0 | K80: 0 | L80: 0 | M80: 0 | N80: 0 | O80: 0 | P80: 0 | Q80: 0 | R80: 0 | S80: 0 | T80: 0 | U80: 0 | V80: 0 | W80: 0 | X80: 0
A81: COP 12 | B81: DEMONTARE CABLU DE TELECOM DE PE ZID | C81: =SUM(D81:X81) | D81: 0 | E81: 0 | F81: 0 | G81: 0 | H81: 0 | I81: 0 | J81: 0 | K81: 0 | L81: 0 | M81: 0 | N81: 0 | O81: 0 | P81: 0 | Q81: 0 | R81: 0 | S81: 0 | T81: 0 | U81: 0 | V81: 0 | W81: 0 | X81: 0
A82: COP 13 | B82: DEMONTARE CABLU DE TELECOM. DE PE STALPI (MANOPERA DE DEMONTARE) | C82: =SUM(D82:X82) | D82: 0 | E82: 0 | F82: 0 | G82: 0 | H82: 0 | I82: 0 | J82: 0 | K82: 0 | L82: 0 | M82: 0 | N82: 0 | O82: 0 | P82: 0 | Q82: 0 | R82: 0 | S82: 0 | T82: 0 | U82: 0 | V82: 0 | W82: 0 | X82: 0
... A95: COP 29 | B95: DEMONTARE CABLU + STREANG + BRIDA | C95: =SUM(D95:X95) | D95: 0 | E95: 0 | F95: 0 | G95: 0 | H95: 0 | I95: 0 | J95: 0 | K95: 0 | L95: 0 | M95: 0 | N95: 0 | O95: 0 | P95: 0 | Q95: 0 | R95: 0 | S95: 0 | T95: 0 | U95: 0 | V95: 0 | W95: 0 | X95: 0
B96: TOTAL CABLU | C96: =SUM(C95+C94+C93+C88+C82+C81+C80)
B98: PERSOANE
B102: MIERCURI | C102: =SUM(F2)
A103: COP 1 | B103: EPUIZAREA MECANICA A APEI CU MOTOPOMPA | C103: =SUM(D103:X103) | D103: 0 | E103: 0 | F103: 0 | G103: 0 | H103: 0 | I103: 0 | J103: 0 | K103: 0 | L103: 0 | M103: 0 | N103: 0 | O103: 0 | P103: 0 | Q103: 0 | R103: 0 | S103: 0 | T103: 0 | U103: 0 | V103: 0 | W103: 0 | X103: 0
A104: COP 2 | B104: REFACERI PAVAJE LA STRAZI (TOATTE MATERIALELE, TRANSPORTURILE SI MANOPERA INCLUSE) | C104: =SUM(D104:X104) | D104: 0 | E104: 0 | F104: 0 | G104: 0 | H104: 0 | I104: 0 | J104: 0 | K104: 0 | L104: 0 | M104: 0 | N104: 0 | O104: 0 | P104: 0 | Q104: 0 | R104: 0 | S104: 0 | T104: 0 | U104: 0 | V104: 0 | W104: 0 | X104: 0
A105: COP 3 | B105: REFACERI PAVAJE TROTUAR, ALEI PIETONALE (TOATE MATERIALELE, TRANSPORTURILE Sl MANOPERA INCLUSE) | C105: =SUM(D105:X105) | D105: 0 | E105: 0 | F105: 0 | G105: 0 | H105: 0 | I105: 0 | J105: 0 | K105: 0 | L105: 0 | M105: 0 | N105: 0 | O105: 0 | P105: 0 | Q105: 0 | R105: 0 | S105: 0 | T105: 0 | U105: 0 | V105: 0 | W105: 0 | X105: 0
A106: COP 4 | B106: INCHIRIERE MACARA / NACELA | C106: =SUM(D106:X106) | D106: 0 | E106: 0 | F106: 0 | G106: 0 | H106: 0 | I106: 0 | J106: 0 | K106: 0 | L106: 0 | M106: 0 | N106: 0 | O106: 0 | P106: 0 | Q106: 0 | R106: 0 | S106: 0 | T106: 0 | U106: 0 | V106: 0 | W106: 0 | X106: 0
A107: COP 5 | B107: TRANSPORT MATERIALE MASINA 1.5 T | C107: =SUM(D107:X107) | D107: 0 | E107: 0 | F107: 0 | G107: 0 | H107: 0 | I107: 0 | J107: 0 | K107: 0 | L107: 0 | M107: 0 | N107: 0 | O107: 0 | P107: 0 | Q107: 0 | R107: 0 | S107: 0 | T107: 0 | U107: 0 | V107: 0 | W107: 0 | X107: 0
A108: COP 6 | B108: TRANSPORT MATERIALE MASINA 3.5 T | C108: =SUM(D108:X108) | D108: 0 | E108: 0 | F108: 0 | G108: 0 | H108: 0 | I108: 0 | J108: 0 | K108: 0 | L108: 0 | M108: 0 | N108: 0 | O108: 0 | P108: 0 | Q108: 0 | R108: 0 | S108: 0 | T108: 0 | U108: 0 | V108: 0 | W108: 0 | X108: 0
A109: COP 8 | B109: TRANSPORT MATERIALE MASINA 20 T | C109: =SUM(D109:X109) | D109: 0 | E109: 0 | F109: 0 | G109: 0 | H109: 0 | I109: 0 | J109: 0 | K109: 0 | L109: 0 | M109: 0 | N109: 0 | O109: 0 | P109: 0 | Q109: 0 | R109: 0 | S109: 0 | T109: 0 | U109: 0 | V109: 0 | W109: 0 | X109: 0
A110: COP 9 | B110: SPARGERE BETON - CAROSABIL | C110: =SUM(D110:X110) | D110: 0 | E110: 0 | F110: 0 | G110: 0 | H110: 0 | I110: 0 | J110: 0 | K110: 0 | L110: 0 | M110: 0 | N110: 0 | O110: 0 | P110: 0 | Q110: 0 | R110: 0 | S110: 0 | T110: 0 | U110: 0 | V110: 0 | W110: 0 | X110: 0
A111: COP 10 | B111: SPARGERE BETON - FUNDATIE DRUM | C111: =SUM(D111:X111) | D111: 0 | E111: 0 | F111: 0 | G111: 0 | H111: 0 | I111: 0 | J111: 0 | K111: 0 | L111: 0 | M111: 0 | N111: 0 | O111: 0 | P111: 0 | Q111: 0 | R111: 0 | S111: 0 | T111: 0 | U111: 0 | V111: 0 | W111: 0 | X111: 0
A112: COP 11 | B112: DEMONTARE CABLU DIN CANALIZARE MAI MIC SAU EGAL DE 600/0.4 | C112: =SUM(D112:X112) | D112: 0 | E112: 0 | F112: 0 | G112: 0 | H112: 0 | I112: 0 | J112: 0 | K112: 0 | L112: 0 | M112: 0 | N112: 0 | O112: 0 | P112: 0 | Q112: 0 | R112: 0 | S112: 0 | T112: 0 | U112: 0 | V112: 0 | W112: 0 | X112: 0
A113: COP 12 | B113: DEMONTARE CABLU DE TELECOM DE PE ZID | C113: =SUM(D113:X113) | D113: 0 | E113: 0 | F113: 0 | G113: 0 | H113: 0 | I113: 0 | J113: 0 | K113: 0 | L113: 0 | M113: 0 | N113: 0 | O113: 0 | P113: 0 | Q113: 0 | R113: 0 | S113: 0 | T113: 0 | U113: 0 | V113: 0 | W113: 0 | X113: 0
A114: COP 13 | B114: DEMONTARE CABLU DE TELECOM. DE PE STALPI (MANOPERA DE DEMONTARE) | C114: =SUM(D114:X114) | D114: 0 | E114: 0 | F114: 0 | G114: 0 | H114: 0 | I114: 0 | J114: 0 | K114: 0 | L114: 0 | M114: 0 | N114: 0 | O114: 0 | P114: 0 | Q114: 0 | R114: 0 | S114: 0 | T114: 0 | U114: 0 | V114: 0 | W114: 0 | X114: 0
... A127: COP 29 | B127: DEMONTARE CABLU + STREANG + BRIDA | C127: =SUM(D127:X127) | D127: 0 | E127: 0 | F127: 0 | G127: 0 | H127: 0 | I127: 0 | J127: 0 | K127: 0 | L127: 0 | M127: 0 | N127: 0 | O127: 0 | P127: 0 | Q127: 0 | R127: 0 | S127: 0 | T127: 0 | U127: 0 | V127: 0 | W127: 0 | X127: 0
B128: TOTAL CABLU | C128: =SUM(C127+C126+C125+C120+C114+C113+C112)
B130: PERSOANE
B134: JOI | C134: =SUM(G2)
A135: COP 1 | B135: EPUIZAREA MECANICA A APEI CU MOTOPOMPA | C135: =SUM(D135:X135) | D135: 0 | E135: 0 | F135: 0 | G135: 0 | H135: 0 | I135: 0 | J135: 0 | K135: 0 | L135: 0 | M135: 0 | N135: 0 | O135: 0 | P135: 0 | Q135: 0 | R135: 0 | S135: 0 | T135: 0 | U135: 0 | V135: 0 | W135: 0 | X135: 0
A136: COP 2 | B136: REFACERI PAVAJE LA STRAZI (TOATTE MATERIALELE, TRANSPORTURILE SI MANOPERA INCLUSE) | C136: =SUM(D136:X136) | D136: 0 | E136: 0 | F136: 0 | G136: 0 | H136: 0 | I136: 0 | J136: 0 | K136: 0 | L136: 0 | M136: 0 | N136: 0 | O136: 0 | P136: 0 | Q136: 0 | R136: 0 | S136: 0 | T136: 0 | U136: 0 | V136: 0 | W136: 0 | X136: 0
A137: COP 3 | B137: REFACERI PAVAJE TROTUAR, ALEI PIETONALE (TOATE MATERIALELE, TRANSPORTURILE Sl MANOPERA INCLUSE) | C137: =SUM(D137:X137) | D137: 0 | E137: 0 | F137: 0 | G137: 0 | H137: 0 | I137: 0 | J137: 0 | K137: 0 | L137: 0 | M137: 0 | N137: 0 | O137: 0 | P137: 0 | Q137: 0 | R137: 0 | S137: 0 | T137: 0 | U137: 0 | V137: 0 | W137: 0 | X137: 0
A138: COP 4 | B138: INCHIRIERE MACARA / NACELA | C138: =SUM(D138:X138) | D138: 0 | E138: 0 | F138: 0 | G138: 0 | H138: 0 | I138: 0 | J138: 0 | K138: 0 | L138: 0 | M138: 0 | N138: 0 | O138: 0 | P138: 0 | Q138: 0 | R138: 0 | S138: 0 | T138: 0 | U138: 0 | V138: 0 | W138: 0 | X138: 0
A139: COP 5 | B139: TRANSPORT MATERIALE MASINA 1.5 T | C139: =SUM(D139:X139) | D139: 0 | E139: 0 | F139: 0 | G139: 0 | H139: 0 | I139: 0 | J139: 0 | K139: 0 | L139: 0 | M139: 0 | N139: 0 | O139: 0 | P139: 0 | Q139: 0 | R139: 0 | S139: 0 | T139: 0 | U139: 0 | V139: 0 | W139: 0 | X139: 0
A140: COP 6 | B140: TRANSPORT MATERIALE MASINA 3.5 T | C140: =SUM(D140:X140) | D140: 0 | E140: 0 | F140: 0 | G140: 0 | H140: 0 | I140: 0 | J140: 0 | K140: 0 | L140: 0 | M140: 0 | N140: 0 | O140: 0 | P140: 0 | Q140: 0 | R140: 0 | S140: 0 | T140: 0 | U140: 0 | V140: 0 | W140: 0 | X140: 0
A141: COP 8 | B141: TRANSPORT MATERIALE MASINA 20 T | C141: =SUM(D141:X141) | D141: 0 | E141: 0 | F141: 0 | G141: 0 | H141: 0 | I141: 0 | J141: 0 | K141: 0 | L141: 0 | M141: 0 | N141: 0 | O141: 0 | P141: 0 | Q141: 0 | R141: 0 | S141: 0 | T141: 0 | U141: 0 | V141: 0 | W141: 0 | X141: 0
A142: COP 9 | B142: SPARGERE BETON - CAROSABIL | C142: =SUM(D142:X142) | D142: 0 | E142: 0 | F142: 0 | G142: 0 | H142: 0 | I142: 0 | J142: 0 | K142: 0 | L142: 0 | M142: 0 | N142: 0 | O142: 0 | P142: 0 | Q142: 0 | R142: 0 | S142: 0 | T142: 0 | U142: 0 | V142: 0 | W142: 0 | X142: 0
A143: COP 10 | B143: SPARGERE BETON - FUNDATIE DRUM | C143: =SUM(D143:X143) | D143: 0 | E143: 0 | F143: 0 | G143: 0 | H143: 0 | I143: 0 | J143: 0 | K143: 0 | L143: 0 | M143: 0 | N143: 0 | O143: 0 | P143: 0 | Q143: 0 | R143: 0 | S143: 0 | T143: 0 | U143: 0 | V143: 0 | W143: 0 | X143: 0
A144: COP 11 | B144: DEMONTARE CABLU DIN CANALIZARE MAI MIC SAU EGAL DE 600/0.4 | C144: =SUM(D144:X144) | D144: 0 | E144: 0 | F144: 0 | G144: 0 | H144: 0 | I144: 0 | J144: 0 | K144: 0 | L144: 0 | M144: 0 | N144: 0 | O144: 0 | P144: 0 | Q144: 0 | R144: 0 | S144: 0 | T144: 0 | U144: 0 | V144: 0 | W144: 0 | X144: 0
A145: COP 12 | B145: DEMONTARE CABLU DE TELECOM DE PE ZID | C145: =SUM(D145:X145) | D145: 0 | E145: 0 | F145: 0 | G145: 0 | H145: 0 | I145: 0 | J145: 0 | K145: 0 | L145: 0 | M145: 0 | N145: 0 | O145: 0 | P145: 0 | Q145: 0 | R145: 0 | S145: 0 | T145: 0 | U145: 0 | V145: 0 | W145: 0 | X145: 0
A146: COP 13 | B146: DEMONTARE CABLU DE TELECOM. DE PE STALPI (MANOPERA DE DEMONTARE) | C146: =SUM(D146:X146) | D146: 0 | E146: 0 | F146: 0 | G146: 0 | H146: 0 | I146: 0 | J146: 0 | K146: 0 | L146: 0 | M146: 0 | N146: 0 | O146: 0 | P146: 0 | Q146: 0 | R146: 0 | S146: 0 | T146: 0 | U146: 0 | V146: 0 | W146: 0 | X146: 0
... A159: COP 29 | B159: DEMONTARE CABLU + STREANG + BRIDA | C159: =SUM(D159:X159) | D159: 0 | E159: 0 | F159: 0 | G159: 0 | H159: 0 | I159: 0 | J159: 0 | K159: 0 | L159: 0 | M159: 0 | N159: 0 | O159: 0 | P159: 0 | Q159: 0 | R159: 0 | S159: 0 | T159: 0 | U159: 0 | V159: 0 | W159: 0 | X159: 0
B160: TOTAL CABLU | C160: =SUM(C159+C158+C157+C152+C146+C145+C144)
B162: PERSOANE
B166: VINERI | C166: =SUM(H2)
A167: COP 1 | B167: EPUIZAREA MECANICA A APEI CU MOTOPOMPA | C167: =SUM(D167:X167) | D167: 0 | E167: 0 | F167: 0 | G167: 0 | H167: 0 | I167: 0 | J167: 0 | K167: 0 | L167: 0 | M167: 0 | N167: 0 | O167: 0 | P167: 0 | Q167: 0 | R167: 0 | S167: 0 | T167: 0 | U167: 0 | V167: 0 | W167: 0 | X167: 0
A168: COP 2 | B168: REFACERI PAVAJE LA STRAZI (TOATTE MATERIALELE, TRANSPORTURILE SI MANOPERA INCLUSE) | C168: =SUM(D168:X168) | D168: 0 | E168: 0 | F168: 0 | G168: 0 | H168: 0 | I168: 0 | J168: 0 | K168: 0 | L168: 0 | M168: 0 | N168: 0 | O168: 0 | P168: 0 | Q168: 0 | R168: 0 | S168: 0 | T168: 0 | U168: 0 | V168: 0 | W168: 0 | X168: 0
A169: COP 3 | B169: REFACERI PAVAJE TROTUAR, ALEI PIETONALE (TOATE MATERIALELE, TRANSPORTURILE Sl MANOPERA INCLUSE) | C169: =SUM(D169:X169) | D169: 0 | E169: 0 | F169: 0 | G169: 0 | H169: 0 | I169: 0 | J169: 0 | K169: 0 | L169: 0 | M169: 0 | N169: 0 | O169: 0 | P169: 0 | Q169: 0 | R169: 0 | S169: 0 | T169: 0 | U169: 0 | V169: 0 | W169: 0 | X169: 0
...

Sheet SHEET_GOL_5
A2: Nr. Crt | B2: Descriere articol | C2: TOTAL | D2: 46209 | E2: 46210 | F2: 46211 | G2: 46212 | H2: 46213 | I2: 46214 | J2: PRET | K2: TOTAL | W2: PRET BIS | X2: ADAOS ml | Y2: ADAOS % | Z2: ADAOS
A3: COP 1 | B3: EPUIZAREA MECANICA A APEI CU MOTOPOMPA | C3: =SUM(D3:I3) | D3: =SUM(C39) | E3: =SUM(C71) | F3: =SUM(C103) | G3: =SUM(C135) | H3: =SUM(C167) | I3: =SUM(C199) | J3: 2.09 | K3: =SUM(C3*J3) | W3: 2.49 | X3: =SUM(W3-J3) | Y3: =SUM(X3*1/W3) | Z3: =SUM(C3*X3)
A4: COP 2 | B4: REFACERI PAVAJE LA STRAZI (TOATTE MATERIALELE, TRANSPORTURILE SI MANOPERA INCLUSE) | C4: =SUM(D4:I4) | D4: =SUM(C40) | E4: =SUM(C72) | F4: =SUM(C104) | G4: =SUM(C136) | H4: =SUM(C168) | I4: =SUM(C200) | J4: 42.12 | K4: =SUM(C4*J4) | W4: 50.03 | X4: =SUM(W4-J4) | Y4: =SUM(X4*1/W4) | Z4: =SUM(C4*X4)
A5: COP 3 | B5: REFACERI PAVAJE TROTUAR, ALEI PIETONALE (TOATE MATERIALELE, TRANSPORTURILE Sl MANOPERA INCLUSE) | C5: =SUM(D5:I5) | D5: =SUM(C41) | E5: =SUM(C73) | F5: =SUM(C105) | G5: =SUM(C137) | H5: =SUM(C169) | I5: =SUM(C201) | J5: 18.43 | K5: =SUM(C5*J5) | W5: 21.89 | X5: =SUM(W5-J5) | Y5: =SUM(X5*1/W5) | Z5: =SUM(C5*X5)
A6: COP 4 | B6: INCHIRIERE MACARA / NACELA | C6: =SUM(D6:I6) | D6: =SUM(C42) | E6: =SUM(C74) | F6: =SUM(C106) | G6: =SUM(C138) | H6: =SUM(C170) | I6: =SUM(C202) | J6: 27 | K6: =SUM(C6*J6) | W6: 31.29 | X6: =SUM(W6-J6) | Y6: =SUM(X6*1/W6) | Z6: =SUM(C6*X6)
A7: COP 5 | B7: TRANSPORT MATERIALE MASINA 1.5 T | C7: =SUM(D7:I7) | D7: =SUM(C43) | E7: =SUM(C75) | F7: =SUM(C107) | G7: =SUM(C139) | H7: =SUM(C171) | I7: =SUM(C203) | J7: 0.41 | K7: =SUM(C7*J7) | W7: 0.62 | X7: =SUM(W7-J7) | Y7: =SUM(X7*1/W7) | Z7: =SUM(C7*X7)
A8: COP 6 | B8: TRANSPORT MATERIALE MASINA 3.5 T | C8: =SUM(D8:I8) | D8: =SUM(C44) | E8: =SUM(C76) | F8: =SUM(C108) | G8: =SUM(C140) | H8: =SUM(C172) | I8: =SUM(C204) | J8: 0.63 | K8: =SUM(C8*J8) | W8: 0.75 | X8: =SUM(W8-J8) | Y8: =SUM(X8*1/W8) | Z8: =SUM(C8*X8)
A9: COP 8 | B9: TRANSPORT MATERIALE MASINA 20 T | C9: =SUM(D9:I9) | D9: =SUM(C45) | E9: =SUM(C77) | F9: =SUM(C109) | G9: =SUM(C141) | H9: =SUM(C173) | I9: =SUM(C205) | J9: 1.07 | K9: =SUM(C9*J9) | W9: 1.27 | X9: =SUM(W9-J9) | Y9: =SUM(X9*1/W9) | Z9: =SUM(C9*X9)
A10: COP 9 | B10: SPARGERE BETON - CAROSABIL | C10: =SUM(D10:I10) | D10: =SUM(C46) | E10: =SUM(C78) | F10: =SUM(C110) | G10: =SUM(C142) | H10: =SUM(C174) | I10: =SUM(C206) | J10: 14.31 | K10: =SUM(C10*J10) | W10: 17.41 | X10: =SUM(W10-J10) | Y10: =SUM(X10*1/W10) | Z10: =SUM(C10*X10)
A11: COP 10 | B11: SPARGERE BETON - FUNDATIE DRUM | C11: =SUM(D11:I11) | D11: =SUM(C47) | E11: =SUM(C79) | F11: =SUM(C111) | G11: =SUM(C143) | H11: =SUM(C175) | I11: =SUM(C207) | J11: 12.45 | K11: =SUM(C11*J11) | W11: 15.55 | X11: =SUM(W11-J11) | Y11: =SUM(X11*1/W11) | Z11: =SUM(C11*X11)
A12: COP 11 | B12: DEMONTARE CABLU DIN CANALIZARE MAI MIC SAU EGAL DE 600/0.4 | C12: =SUM(D12:I12) | D12: =SUM(C48) | E12: =SUM(C80) | F12: =SUM(C112) | G12: =SUM(C144) | H12: =SUM(C176) | I12: =SUM(C208) | J12: 0.2 | K12: =SUM(C12*J12) | O12: =SUM(D12*1.25) | P12: =SUM(E12*1.25) | Q12: =SUM(F12*1.25) | R12: =SUM(G12*1.25) | S12: =SUM(H12*1.25) | T12: =SUM(I12*1.25) | W12: 0.24 | X12: =SUM(W12-J12) | Y12: =SUM(X12*1/W12) | Z12: =SUM(C12*X12)
A13: COP 12 | B13: DEMONTARE CABLU DE TELECOM DE PE ZID | C13: =SUM(D13:I13) | D13: =SUM(C49) | E13: =SUM(C81) | F13: =SUM(C113) | G13: =SUM(C145) | H13: =SUM(C177) | I13: =SUM(C209) | J13: 0.32 | K13: =SUM(C13*J13) | O13: =SUM(D13*1.3) | P13: =SUM(E13*1.3) | Q13: =SUM(F13*1.3) | R13: =SUM(G13*1.3) | S13: =SUM(H13*1.3) | T13: =SUM(I13*1.3) | W13: 0.39 | X13: =SUM(W13-J13) | Y13: =SUM(X13*1/W13) | Z13: =SUM(C13*X13)
A14: COP 13 | B14: DEMONTARE CABLU DE TELECOM. DE PE STALPI (MANOPERA DE DEMONTARE) | C14: =SUM(D14:I14) | D14: =SUM(C50) | E14: =SUM(C82) | F14: =SUM(C114) | G14: =SUM(C146) | H14: =SUM(C178) | I14: =SUM(C210) | J14: 0.15 | K14: =SUM(C14*J14) | O14: =SUM(D14) | P14: =SUM(E14) | Q14: =SUM(F14) | R14: =SUM(G14) | S14: =SUM(H14) | T14: =SUM(I14) | W14: 0.18 | X14: =SUM(W14-J14) | Y14: =SUM(X14*1/W14) | Z14: =SUM(C14*X14)
A15: COP 14 | B15: DEMONTARE STREANG SAU BRIDA SAU SARMA RADIOFICARE | C15: =SUM(D15:I15) | D15: =SUM(C51) | E15: =SUM(C83) | F15: =SUM(C115) | G15: =SUM(C147) | H15: =SUM(C179) | I15: =SUM(C211) | J15: 0.14 | K15: =SUM(C15*J15) | O15: =SUM(D15) | P15: =SUM(E15) | Q15: =SUM(F15) | R15: =SUM(G15) | S15: =SUM(H15) | T15: =SUM(I15) | W15: 0.17 | X15: =SUM(W15-J15) | Y15: =SUM(X15*1/W15) | Z15: =SUM(C15*X15)
A16: COP 15 | B16: DEMONTARE STALP DE LEMN OROC | C16: =SUM(D16:I16) | D16: =SUM(C52) | E16: =SUM(C84) | F16: =SUM(C116) | G16: =SUM(C148) | H16: =SUM(C180) | I16: =SUM(C212) | J16: 14.16 | K16: =SUM(C16*J16) | W16: 16.82 | X16: =SUM(W16-J16) | Y16: =SUM(X16*1/W16) | Z16: =SUM(C16*X16)
A17: COP 16 | B17: DEMONTARE TRAVERSA (SUPORTI RADIOFICARE) CONSOLA | C17: =SUM(D17:I17) | D17: =SUM(C53) | E17: =SUM(C85) | F17: =SUM(C117) | G17: =SUM(C149) | H17: =SUM(C181) | I17: =SUM(C213) | J17: 0.49 | K17: =SUM(C17*J17) | W17: 0.59 | X17: =SUM(W17-J17) | Y17: =SUM(X17*1/W17) | Z17: =SUM(C17*X17)
A18: COP 17 | B18: DEMONTARE CUTIE TERMINALA | C18: =SUM(D18:I18) | D18: =SUM(C54) | E18: =SUM(C86) | F18: =SUM(C118) | G18: =SUM(C150) | H18: =SUM(C182) | I18: =SUM(C214) | J18: 1.49 | K18: =SUM(C18*J18) | W18: 1.78 | X18: =SUM(W18-J18) | Y18: =SUM(X18*1/W18) | Z18: =SUM(C18*X18)
A19: COP 18 | B19: DEMONTARE APARATOARE 'U' DE CABLU (50MM) | C19: =SUM(D19:I19) | D19: =SUM(C55) | E19: =SUM(C87) | F19: =SUM(C119) | G19: =SUM(C151) | H19: =SUM(C183) | I19: =SUM(C215) | J19: 1.3 | K19: =SUM(C19*J19) | W19: 1.55 | X19: =SUM(W19-J19) | Y19: =SUM(X19*1/W19) | Z19: =SUM(C19*X19)
A20: COP 20 | B20: DEMONTARE CABLU DIN CANALIZARE MAI MARE SAU EGAL DE 600/0.6 | C20: =SUM(D20:I20) | D20: =SUM(C56) | E20: =SUM(C88) | F20: =SUM(C120) | G20: =SUM(C152) | H20: =SUM(C184) | I20: =SUM(C216) | J20: 0.51 | K20: =SUM(C20*J20) | O20: =SUM(D20*2) | P20: =SUM(E20*2) | Q20: =SUM(F20*2) | R20: =SUM(G20*2) | S20: =SUM(H20*2) | T20: =SUM(I20*2) | W20: 0.61 | X20: =SUM(W20-J20) | Y20: =SUM(X20*1/W20) | Z20: =SUM(C20*X20)
A21: COP 21 | B21: Vidanjare camine | C21: =SUM(D21:I21) | D21: =SUM(C57) | E21: =SUM(C89) | F21: =SUM(C121) | G21: =SUM(C153) | H21: =SUM(C185) | I21: =SUM(C217) | J21: 6.62 | K21: =SUM(C21*J21) | W21: 7.87 | X21: =SUM(W21-J21) | Y21: =SUM(X21*1/W21) | Z21: =SUM(C21*X21)
A22: COP 23 | B22: Asistenta Tehnica (echipa 2 tehnicieni) | C22: =SUM(D22:I22) | D22: =SUM(C58) | E22: =SUM(C90) | F22: =SUM(C122) | G22: =SUM(C154) | H22: =SUM(C186) | I22: =SUM(C218) | J22: 32 | K22: =SUM(C22*J22) | W22: 38 | X22: =SUM(W22-J22) | Y22: =SUM(X22*1/W22) | Z22: =SUM(C22*X22)
A23: COP 24 | B23: INCHIRIERE BULDOEXCAVATOR SAU UTILAJ | C23: =SUM(D23:I23) | D23: =SUM(C59) | E23: =SUM(C91) | F23: =SUM(C123) | G23: =SUM(C155) | H23: =SUM(C187) | I23: =SUM(C219) | J23: 31.31 | K23: =SUM(C23*J23) | W23: 37.18 | X23: =SUM(W23-J23) | Y23: =SUM(X23*1/W23) | Z23: =SUM(C23*X23)
A24: COP 26 | B24: Inchiriere TIR cu ora ( pentru perioada de stationare pana la incarcarea completa) | C24: =SUM(D24:I24) | D24: =SUM(C60) | E24: =SUM(C92) | F24: =SUM(C124) | G24: =SUM(C156) | H24: =SUM(C188) | I24: =SUM(C220) | J24: 13.87 | K24: =SUM(C24*J24) | N24: AERIAN : RURAL | W24: 16.47 | X24: =SUM(W24-J24) | Y24: =SUM(X24*1/W24) | Z24: =SUM(C24*X24)
A25: COP 27 | B25: DEMONTARE CABLU + STREANG | C25: =SUM(D25:I25) | D25: =SUM(C61) | E25: =SUM(C93) | F25: =SUM(C125) | G25: =SUM(C157) | H25: =SUM(C189) | I25: =SUM(C221) | J25: 0.19 | K25: =SUM(C25*J25) | O25: =SUM(D25*1.2) | P25: =SUM(E25*1.2) | Q25: =SUM(F25*1.2) | R25: =SUM(G25*1.2) | S25: =SUM(H25*1.2) | T25: =SUM(I25*1.2) | W25: 0.23 | X25: =SUM(W25-J25) | Y25: =SUM(X25*1/W25) | Z25: =SUM(C25*X25)
A26: COP 28 | B26: DEMONTARE CABLU + BRIDA SAU STREANG + BRIDA | C26: =SUM(D26:I26) | D26: =SUM(C62) | E26: =SUM(C94) | F26: =SUM(C126) | G26: =SUM(C158) | H26: =SUM(C190) | I26: =SUM(C222) | J26: 0.16 | K26: =SUM(C26*J26) | M26: Zile lucrate | N26: 4 | O26: =SUM(D26*1.1) | P26: =SUM(E26*1.1) | Q26: =SUM(F26*1.1) | R26: =SUM(G26*1.1) | S26: =SUM(H26*1.1) | T26: =SUM(I26*1.1) | W26: 0.2 | X26: =SUM(W26-J26) | Y26: =SUM(X26*1/W26) | Z26: =SUM(C26*X26)
A27: COP 29 | B27: DEMONTARE CABLU + STREANG + BRIDA | C27: =SUM(D27:I27) | D27: =SUM(C63) | E27: =SUM(C95) | F27: =SUM(C127) | G27: =SUM(C159) | H27: =SUM(C191) | I27: =SUM(C223) | J27: 0.28 | K27: =SUM(C27*J27) | M27: Persoane Media saptamanala | N27: =SUM((E66+E98+E130)/N26) | O27: =SUM(D27*2) | P27: =SUM(E27*2) | Q27: =SUM(F27*2) | R27: =SUM(G27*2) | S27: =SUM(H27*2) | T27: =SUM(I27*2) | W27: 0.34 | X27: =SUM(W27-J27) | Y27: =SUM(X27*1/W27) | Z27: =SUM(C27*X27)
J28: TOTAL EURO | K28: =SUM(K3:K27) | N28: TOTAL ml / zi | O28: =SUM(O3:O27) | P28: =SUM(P3:P27) | Q28: =SUM(Q3:Q27) | R28: =SUM(R3:R27) | S28: =SUM(S3:S27) | T28: =SUM(T3:T27) | W28: TOTAL ADAOS | Z28: =SUM(Z3:Z27)
J29: CURS EURO | K29: 5.2 | N29: TOTAL ml / pers. | O29: =SUM(O28/D66) | P29: =SUM(P28/D98) | Q29: =SUM(Q28/D130) | R29: =SUM(R28/D162) | S29: =SUM(S28/D194) | T29: =SUM(T28/D226)
J30: TOTAL RON | K30: =SUM(K29*K28)
J31: TVA | K31: =SUM(K30*0.21) | N31: Media zil. sapt. / pers. | O31: =SUM(O29+P29+Q29+R29+S29+T29)/ N26
J32: TOTAL GENERAL | K32: =SUM(K30*1.21)
N34: Observatii :
B37: LUNI | C37: =SUM(D2)
A39: COP 1 | B39: EPUIZAREA MECANICA A APEI CU MOTOPOMPA | C39: =SUM(D39:X39) | D39: 0 | E39: 0 | F39: 0 | G39: 0 | H39: 0 | I39: 0 | J39: 0 | K39: 0 | L39: 0 | M39: 0 | N39: 0 | O39: 0 | P39: 0 | Q39: 0 | R39: 0 | S39: 0 | T39: 0 | U39: 0 | V39: 0 | W39: 0 | X39: 0
A40: COP 2 | B40: REFACERI PAVAJE LA STRAZI (TOATTE MATERIALELE, TRANSPORTURILE SI MANOPERA INCLUSE) | C40: =SUM(D40:X40) | D40: 0 | E40: 0 | F40: 0 | G40: 0 | H40: 0 | I40: 0 | J40: 0 | K40: 0 | L40: 0 | M40: 0 | N40: 0 | O40: 0 | P40: 0 | Q40: 0 | R40: 0 | S40: 0 | T40: 0 | U40: 0 | V40: 0 | W40: 0 | X40: 0
A41: COP 3 | B41: REFACERI PAVAJE TROTUAR, ALEI PIETONALE (TOATE MATERIALELE, TRANSPORTURILE Sl MANOPERA INCLUSE) | C41: =SUM(D41:X41) | D41: 0 | E41: 0 | F41: 0 | G41: 0 | H41: 0 | I41: 0 | J41: 0 | K41: 0 | L41: 0 | M41: 0 | N41: 0 | O41: 0 | P41: 0 | Q41: 0 | R41: 0 | S41: 0 | T41: 0 | U41: 0 | V41: 0 | W41: 0 | X41: 0
A42: COP 4 | B42: INCHIRIERE MACARA / NACELA | C42: =SUM(D42:X42) | D42: 0 | E42: 0 | F42: 0 | G42: 0 | H42: 0 | I42: 0 | J42: 0 | K42: 0 | L42: 0 | M42: 0 | N42: 0 | O42: 0 | P42: 0 | Q42: 0 | R42: 0 | S42: 0 | T42: 0 | U42: 0 | V42: 0 | W42: 0 | X42: 0
A43: COP 5 | B43: TRANSPORT MATERIALE MASINA 1.5 T | C43: =SUM(D43:X43) | D43: 0 | E43: 0 | F43: 0 | G43: 0 | H43: 0 | I43: 0 | J43: 0 | K43: 0 | L43: 0 | M43: 0 | N43: 0 | O43: 0 | P43: 0 | Q43: 0 | R43: 0 | S43: 0 | T43: 0 | U43: 0 | V43: 0 | W43: 0 | X43: 0
A44: COP 6 | B44: TRANSPORT MATERIALE MASINA 3.5 T | C44: =SUM(D44:X44) | D44: 0 | E44: 0 | F44: 0 | G44: 0 | H44: 0 | I44: 0 | J44: 0 | K44: 0 | L44: 0 | M44: 0 | N44: 0 | O44: 0 | P44: 0 | Q44: 0 | R44: 0 | S44: 0 | T44: 0 | U44: 0 | V44: 0 | W44: 0 | X44: 0
A45: COP 8 | B45: TRANSPORT MATERIALE MASINA 20 T | C45: =SUM(D45:X45) | D45: 0 | E45: 0 | F45: 0 | G45: 0 | H45: 0 | I45: 0 | J45: 0 | K45: 0 | L45: 0 | M45: 0 | N45: 0 | O45: 0 | P45: 0 | Q45: 0 | R45: 0 | S45: 0 | T45: 0 | U45: 0 | V45: 0 | W45: 0 | X45: 0
A46: COP 9 | B46: SPARGERE BETON - CAROSABIL | C46: =SUM(D46:X46) | D46: 0 | E46: 0 | F46: 0 | G46: 0 | H46: 0 | I46: 0 | J46: 0 | K46: 0 | L46: 0 | M46: 0 | N46: 0 | O46: 0 | P46: 0 | Q46: 0 | R46: 0 | S46: 0 | T46: 0 | U46: 0 | V46: 0 | W46: 0 | X46: 0
A47: COP 10 | B47: SPARGERE BETON - FUNDATIE DRUM | C47: =SUM(D47:X47) | D47: 0 | E47: 0 | F47: 0 | G47: 0 | H47: 0 | I47: 0 | J47: 0 | K47: 0 | L47: 0 | M47: 0 | N47: 0 | O47: 0 | P47: 0 | Q47: 0 | R47: 0 | S47: 0 | T47: 0 | U47: 0 | V47: 0 | W47: 0 | X47: 0
A48: COP 11 | B48: DEMONTARE CABLU DIN CANALIZARE MAI MIC SAU EGAL DE 600/0.4 | C48: =SUM(D48:X48) | D48: 0 | E48: 0 | F48: 0 | G48: 0 | H48: 0 | I48: 0 | J48: 0 | K48: 0 | L48: 0 | M48: 0 | N48: 0 | O48: 0 | P48: 0 | Q48: 0 | R48: 0 | S48: 0 | T48: 0 | U48: 0 | V48: 0 | W48: 0 | X48: 0
A49: COP 12 | B49: DEMONTARE CABLU DE TELECOM DE PE ZID | C49: =SUM(D49:X49) | D49: 0 | E49: 0 | F49: 0 | G49: 0 | H49: 0 | I49: 0 | J49: 0 | K49: 0 | L49: 0 | M49: 0 | N49: 0 | O49: 0 | P49: 0 | Q49: 0 | R49: 0 | S49: 0 | T49: 0 | U49: 0 | V49: 0 | W49: 0 | X49: 0
A50: COP 13 | B50: DEMONTARE CABLU DE TELECOM. DE PE STALPI (MANOPERA DE DEMONTARE) | C50: =SUM(D50:X50) | D50: 0 | E50: 0 | F50: 0 | G50: 0 | H50: 0 | I50: 0 | J50: 0 | K50: 0 | L50: 0 | M50: 0 | N50: 0 | O50: 0 | P50: 0 | Q50: 0 | R50: 0 | S50: 0 | T50: 0 | U50: 0 | V50: 0 | W50: 0 | X50: 0
... A63: COP 29 | B63: DEMONTARE CABLU + STREANG + BRIDA | C63: =SUM(D63:X63) | D63: 0 | E63: 0 | F63: 0 | G63: 0 | H63: 0 | I63: 0 | J63: 0 | K63: 0 | L63: 0 | M63: 0 | N63: 0 | O63: 0 | P63: 0 | Q63: 0 | R63: 0 | S63: 0 | T63: 0 | U63: 0 | V63: 0 | W63: 0 | X63: 0
B64: TOTAL CABLU | C64: =SUM(C63+C62+C61+C56+C50+C49+C48)
B66: PERSOANE
B70: MARTI | C70: =SUM(E2)
A71: COP 1 | B71: EPUIZAREA MECANICA A APEI CU MOTOPOMPA | C71: =SUM(D71:X71) | D71: 0 | E71: 0 | F71: 0 | G71: 0 | H71: 0 | I71: 0 | J71: 0 | K71: 0 | L71: 0 | M71: 0 | N71: 0 | O71: 0 | P71: 0 | Q71: 0 | R71: 0 | S71: 0 | T71: 0 | U71: 0 | V71: 0 | W71: 0 | X71: 0
A72: COP 2 | B72: REFACERI PAVAJE LA STRAZI (TOATTE MATERIALELE, TRANSPORTURILE SI MANOPERA INCLUSE) | C72: =SUM(D72:X72) | D72: 0 | E72: 0 | F72: 0 | G72: 0 | H72: 0 | I72: 0 | J72: 0 | K72: 0 | L72: 0 | M72: 0 | N72: 0 | O72: 0 | P72: 0 | Q72: 0 | R72: 0 | S72: 0 | T72: 0 | U72: 0 | V72: 0 | W72: 0 | X72: 0
A73: COP 3 | B73: REFACERI PAVAJE TROTUAR, ALEI PIETONALE (TOATE MATERIALELE, TRANSPORTURILE Sl MANOPERA INCLUSE) | C73: =SUM(D73:X73) | D73: 0 | E73: 0 | F73: 0 | G73: 0 | H73: 0 | I73: 0 | J73: 0 | K73: 0 | L73: 0 | M73: 0 | N73: 0 | O73: 0 | P73: 0 | Q73: 0 | R73: 0 | S73: 0 | T73: 0 | U73: 0 | V73: 0 | W73: 0 | X73: 0
A74: COP 4 | B74: INCHIRIERE MACARA / NACELA | C74: =SUM(D74:X74) | D74: 0 | E74: 0 | F74: 0 | G74: 0 | H74: 0 | I74: 0 | J74: 0 | K74: 0 | L74: 0 | M74: 0 | N74: 0 | O74: 0 | P74: 0 | Q74: 0 | R74: 0 | S74: 0 | T74: 0 | U74: 0 | V74: 0 | W74: 0 | X74: 0
A75: COP 5 | B75: TRANSPORT MATERIALE MASINA 1.5 T | C75: =SUM(D75:X75) | D75: 0 | E75: 0 | F75: 0 | G75: 0 | H75: 0 | I75: 0 | J75: 0 | K75: 0 | L75: 0 | M75: 0 | N75: 0 | O75: 0 | P75: 0 | Q75: 0 | R75: 0 | S75: 0 | T75: 0 | U75: 0 | V75: 0 | W75: 0 | X75: 0
A76: COP 6 | B76: TRANSPORT MATERIALE MASINA 3.5 T | C76: =SUM(D76:X76) | D76: 0 | E76: 0 | F76: 0 | G76: 0 | H76: 0 | I76: 0 | J76: 0 | K76: 0 | L76: 0 | M76: 0 | N76: 0 | O76: 0 | P76: 0 | Q76: 0 | R76: 0 | S76: 0 | T76: 0 | U76: 0 | V76: 0 | W76: 0 | X76: 0
A77: COP 8 | B77: TRANSPORT MATERIALE MASINA 20 T | C77: =SUM(D77:X77) | D77: 0 | E77: 0 | F77: 0 | G77: 0 | H77: 0 | I77: 0 | J77: 0 | K77: 0 | L77: 0 | M77: 0 | N77: 0 | O77: 0 | P77: 0 | Q77: 0 | R77: 0 | S77: 0 | T77: 0 | U77: 0 | V77: 0 | W77: 0 | X77: 0
A78: COP 9 | B78: SPARGERE BETON - CAROSABIL | C78: =SUM(D78:X78) | D78: 0 | E78: 0 | F78: 0 | G78: 0 | H78: 0 | I78: 0 | J78: 0 | K78: 0 | L78: 0 | M78: 0 | N78: 0 | O78: 0 | P78: 0 | Q78: 0 | R78: 0 | S78: 0 | T78: 0 | U78: 0 | V78: 0 | W78: 0 | X78: 0
A79: COP 10 | B79: SPARGERE BETON - FUNDATIE DRUM | C79: =SUM(D79:X79) | D79: 0 | E79: 0 | F79: 0 | G79: 0 | H79: 0 | I79: 0 | J79: 0 | K79: 0 | L79: 0 | M79: 0 | N79: 0 | O79: 0 | P79: 0 | Q79: 0 | R79: 0 | S79: 0 | T79: 0 | U79: 0 | V79: 0 | W79: 0 | X79: 0
A80: COP 11 | B80: DEMONTARE CABLU DIN CANALIZARE MAI MIC SAU EGAL DE 600/0.4 | C80: =SUM(D80:X80) | D80: 0 | E80: 0 | F80: 0 | G80: 0 | H80: 0 | I80: 0 | J80: 0 | K80: 0 | L80: 0 | M80: 0 | N80: 0 | O80: 0 | P80: 0 | Q80: 0 | R80: 0 | S80: 0 | T80: 0 | U80: 0 | V80: 0 | W80: 0 | X80: 0
A81: COP 12 | B81: DEMONTARE CABLU DE TELECOM DE PE ZID | C81: =SUM(D81:X81) | D81: 0 | E81: 0 | F81: 0 | G81: 0 | H81: 0 | I81: 0 | J81: 0 | K81: 0 | L81: 0 | M81: 0 | N81: 0 | O81: 0 | P81: 0 | Q81: 0 | R81: 0 | S81: 0 | T81: 0 | U81: 0 | V81: 0 | W81: 0 | X81: 0
A82: COP 13 | B82: DEMONTARE CABLU DE TELECOM. DE PE STALPI (MANOPERA DE DEMONTARE) | C82: =SUM(D82:X82) | D82: 0 | E82: 0 | F82: 0 | G82: 0 | H82: 0 | I82: 0 | J82: 0 | K82: 0 | L82: 0 | M82: 0 | N82: 0 | O82: 0 | P82: 0 | Q82: 0 | R82: 0 | S82: 0 | T82: 0 | U82: 0 | V82: 0 | W82: 0 | X82: 0
... A95: COP 29 | B95: DEMONTARE CABLU + STREANG + BRIDA | C95: =SUM(D95:X95) | D95: 0 | E95: 0 | F95: 0 | G95: 0 | H95: 0 | I95: 0 | J95: 0 | K95: 0 | L95: 0 | M95: 0 | N95: 0 | O95: 0 | P95: 0 | Q95: 0 | R95: 0 | S95: 0 | T95: 0 | U95: 0 | V95: 0 | W95: 0 | X95: 0
B96: TOTAL CABLU | C96: =SUM(C95+C94+C93+C88+C82+C81+C80)
B98: PERSOANE
B102: MIERCURI | C102: =SUM(F2)
A103: COP 1 | B103: EPUIZAREA MECANICA A APEI CU MOTOPOMPA | C103: =SUM(D103:X103) | D103: 0 | E103: 0 | F103: 0 | G103: 0 | H103: 0 | I103: 0 | J103: 0 | K103: 0 | L103: 0 | M103: 0 | N103: 0 | O103: 0 | P103: 0 | Q103: 0 | R103: 0 | S103: 0 | T103: 0 | U103: 0 | V103: 0 | W103: 0 | X103: 0
A104: COP 2 | B104: REFACERI PAVAJE LA STRAZI (TOATTE MATERIALELE, TRANSPORTURILE SI MANOPERA INCLUSE) | C104: =SUM(D104:X104) | D104: 0 | E104: 0 | F104: 0 | G104: 0 | H104: 0 | I104: 0 | J104: 0 | K104: 0 | L104: 0 | M104: 0 | N104: 0 | O104: 0 | P104: 0 | Q104: 0 | R104: 0 | S104: 0 | T104: 0 | U104: 0 | V104: 0 | W104: 0 | X104: 0
A105: COP 3 | B105: REFACERI PAVAJE TROTUAR, ALEI PIETONALE (TOATE MATERIALELE, TRANSPORTURILE Sl MANOPERA INCLUSE) | C105: =SUM(D105:X105) | D105: 0 | E105: 0 | F105: 0 | G105: 0 | H105: 0 | I105: 0 | J105: 0 | K105: 0 | L105: 0 | M105: 0 | N105: 0 | O105: 0 | P105: 0 | Q105: 0 | R105: 0 | S105: 0 | T105: 0 | U105: 0 | V105: 0 | W105: 0 | X105: 0
A106: COP 4 | B106: INCHIRIERE MACARA / NACELA | C106: =SUM(D106:X106) | D106: 0 | E106: 0 | F106: 0 | G106: 0 | H106: 0 | I106: 0 | J106: 0 | K106: 0 | L106: 0 | M106: 0 | N106: 0 | O106: 0 | P106: 0 | Q106: 0 | R106: 0 | S106: 0 | T106: 0 | U106: 0 | V106: 0 | W106: 0 | X106: 0
A107: COP 5 | B107: TRANSPORT MATERIALE MASINA 1.5 T | C107: =SUM(D107:X107) | D107: 0 | E107: 0 | F107: 0 | G107: 0 | H107: 0 | I107: 0 | J107: 0 | K107: 0 | L107: 0 | M107: 0 | N107: 0 | O107: 0 | P107: 0 | Q107: 0 | R107: 0 | S107: 0 | T107: 0 | U107: 0 | V107: 0 | W107: 0 | X107: 0
A108: COP 6 | B108: TRANSPORT MATERIALE MASINA 3.5 T | C108: =SUM(D108:X108) | D108: 0 | E108: 0 | F108: 0 | G108: 0 | H108: 0 | I108: 0 | J108: 0 | K108: 0 | L108: 0 | M108: 0 | N108: 0 | O108: 0 | P108: 0 | Q108: 0 | R108: 0 | S108: 0 | T108: 0 | U108: 0 | V108: 0 | W108: 0 | X108: 0
A109: COP 8 | B109: TRANSPORT MATERIALE MASINA 20 T | C109: =SUM(D109:X109) | D109: 0 | E109: 0 | F109: 0 | G109: 0 | H109: 0 | I109: 0 | J109: 0 | K109: 0 | L109: 0 | M109: 0 | N109: 0 | O109: 0 | P109: 0 | Q109: 0 | R109: 0 | S109: 0 | T109: 0 | U109: 0 | V109: 0 | W109: 0 | X109: 0
A110: COP 9 | B110: SPARGERE BETON - CAROSABIL | C110: =SUM(D110:X110) | D110: 0 | E110: 0 | F110: 0 | G110: 0 | H110: 0 | I110: 0 | J110: 0 | K110: 0 | L110: 0 | M110: 0 | N110: 0 | O110: 0 | P110: 0 | Q110: 0 | R110: 0 | S110: 0 | T110: 0 | U110: 0 | V110: 0 | W110: 0 | X110: 0
A111: COP 10 | B111: SPARGERE BETON - FUNDATIE DRUM | C111: =SUM(D111:X111) | D111: 0 | E111: 0 | F111: 0 | G111: 0 | H111: 0 | I111: 0 | J111: 0 | K111: 0 | L111: 0 | M111: 0 | N111: 0 | O111: 0 | P111: 0 | Q111: 0 | R111: 0 | S111: 0 | T111: 0 | U111: 0 | V111: 0 | W111: 0 | X111: 0
A112: COP 11 | B112: DEMONTARE CABLU DIN CANALIZARE MAI MIC SAU EGAL DE 600/0.4 | C112: =SUM(D112:X112) | D112: 0 | E112: 0 | F112: 0 | G112: 0 | H112: 0 | I112: 0 | J112: 0 | K112: 0 | L112: 0 | M112: 0 | N112: 0 | O112: 0 | P112: 0 | Q112: 0 | R112: 0 | S112: 0 | T112: 0 | U112: 0 | V112: 0 | W112: 0 | X112: 0
A113: COP 12 | B113: DEMONTARE CABLU DE TELECOM DE PE ZID | C113: =SUM(D113:X113) | D113: 0 | E113: 0 | F113: 0 | G113: 0 | H113: 0 | I113: 0 | J113: 0 | K113: 0 | L113: 0 | M113: 0 | N113: 0 | O113: 0 | P113: 0 | Q113: 0 | R113: 0 | S113: 0 | T113: 0 | U113: 0 | V113: 0 | W113: 0 | X113: 0
A114: COP 13 | B114: DEMONTARE CABLU DE TELECOM. DE PE STALPI (MANOPERA DE DEMONTARE) | C114: =SUM(D114:X114) | D114: 0 | E114: 0 | F114: 0 | G114: 0 | H114: 0 | I114: 0 | J114: 0 | K114: 0 | L114: 0 | M114: 0 | N114: 0 | O114: 0 | P114: 0 | Q114: 0 | R114: 0 | S114: 0 | T114: 0 | U114: 0 | V114: 0 | W114: 0 | X114: 0
... A127: COP 29 | B127: DEMONTARE CABLU + STREANG + BRIDA | C127: =SUM(D127:X127) | D127: 0 | E127: 0 | F127: 0 | G127: 0 | H127: 0 | I127: 0 | J127: 0 | K127: 0 | L127: 0 | M127: 0 | N127: 0 | O127: 0 | P127: 0 | Q127: 0 | R127: 0 | S127: 0 | T127: 0 | U127: 0 | V127: 0 | W127: 0 | X127: 0
B128: TOTAL CABLU | C128: =SUM(C127+C126+C125+C120+C114+C113+C112)
B130: PERSOANE
B134: JOI | C134: =SUM(G2)
A135: COP 1 | B135: EPUIZAREA MECANICA A APEI CU MOTOPOMPA | C135: =SUM(D135:X135) | D135: 0 | E135: 0 | F135: 0 | G135: 0 | H135: 0 | I135: 0 | J135: 0 | K135: 0 | L135: 0 | M135: 0 | N135: 0 | O135: 0 | P135: 0 | Q135: 0 | R135: 0 | S135: 0 | T135: 0 | U135: 0 | V135: 0 | W135: 0 | X135: 0
A136: COP 2 | B136: REFACERI PAVAJE LA STRAZI (TOATTE MATERIALELE, TRANSPORTURILE SI MANOPERA INCLUSE) | C136: =SUM(D136:X136) | D136: 0 | E136: 0 | F136: 0 | G136: 0 | H136: 0 | I136: 0 | J136: 0 | K136: 0 | L136: 0 | M136: 0 | N136: 0 | O136: 0 | P136: 0 | Q136: 0 | R136: 0 | S136: 0 | T136: 0 | U136: 0 | V136: 0 | W136: 0 | X136: 0
A137: COP 3 | B137: REFACERI PAVAJE TROTUAR, ALEI PIETONALE (TOATE MATERIALELE, TRANSPORTURILE Sl MANOPERA INCLUSE) | C137: =SUM(D137:X137) | D137: 0 | E137: 0 | F137: 0 | G137: 0 | H137: 0 | I137: 0 | J137: 0 | K137: 0 | L137: 0 | M137: 0 | N137: 0 | O137: 0 | P137: 0 | Q137: 0 | R137: 0 | S137: 0 | T137: 0 | U137: 0 | V137: 0 | W137: 0 | X137: 0
A138: COP 4 | B138: INCHIRIERE MACARA / NACELA | C138: =SUM(D138:X138) | D138: 0 | E138: 0 | F138: 0 | G138: 0 | H138: 0 | I138: 0 | J138: 0 | K138: 0 | L138: 0 | M138: 0 | N138: 0 | O138: 0 | P138: 0 | Q138: 0 | R138: 0 | S138: 0 | T138: 0 | U138: 0 | V138: 0 | W138: 0 | X138: 0
A139: COP 5 | B139: TRANSPORT MATERIALE MASINA 1.5 T | C139: =SUM(D139:X139) | D139: 0 | E139: 0 | F139: 0 | G139: 0 | H139: 0 | I139: 0 | J139: 0 | K139: 0 | L139: 0 | M139: 0 | N139: 0 | O139: 0 | P139: 0 | Q139: 0 | R139: 0 | S139: 0 | T139: 0 | U139: 0 | V139: 0 | W139: 0 | X139: 0
A140: COP 6 | B140: TRANSPORT MATERIALE MASINA 3.5 T | C140: =SUM(D140:X140) | D140: 0 | E140: 0 | F140: 0 | G140: 0 | H140: 0 | I140: 0 | J140: 0 | K140: 0 | L140: 0 | M140: 0 | N140: 0 | O140: 0 | P140: 0 | Q140: 0 | R140: 0 | S140: 0 | T140: 0 | U140: 0 | V140: 0 | W140: 0 | X140: 0
A141: COP 8 | B141: TRANSPORT MATERIALE MASINA 20 T | C141: =SUM(D141:X141) | D141: 0 | E141: 0 | F141: 0 | G141: 0 | H141: 0 | I141: 0 | J141: 0 | K141: 0 | L141: 0 | M141: 0 | N141: 0 | O141: 0 | P141: 0 | Q141: 0 | R141: 0 | S141: 0 | T141: 0 | U141: 0 | V141: 0 | W141: 0 | X141: 0
A142: COP 9 | B142: SPARGERE BETON - CAROSABIL | C142: =SUM(D142:X142) | D142: 0 | E142: 0 | F142: 0 | G142: 0 | H142: 0 | I142: 0 | J142: 0 | K142: 0 | L142: 0 | M142: 0 | N142: 0 | O142: 0 | P142: 0 | Q142: 0 | R142: 0 | S142: 0 | T142: 0 | U142: 0 | V142: 0 | W142: 0 | X142: 0
A143: COP 10 | B143: SPARGERE BETON - FUNDATIE DRUM | C143: =SUM(D143:X143) | D143: 0 | E143: 0 | F143: 0 | G143: 0 | H143: 0 | I143: 0 | J143: 0 | K143: 0 | L143: 0 | M143: 0 | N143: 0 | O143: 0 | P143: 0 | Q143: 0 | R143: 0 | S143: 0 | T143: 0 | U143: 0 | V143: 0 | W143: 0 | X143: 0
A144: COP 11 | B144: DEMONTARE CABLU DIN CANALIZARE MAI MIC SAU EGAL DE 600/0.4 | C144: =SUM(D144:X144) | D144: 0 | E144: 0 | F144: 0 | G144: 0 | H144: 0 | I144: 0 | J144: 0 | K144: 0 | L144: 0 | M144: 0 | N144: 0 | O144: 0 | P144: 0 | Q144: 0 | R144: 0 | S144: 0 | T144: 0 | U144: 0 | V144: 0 | W144: 0 | X144: 0
A145: COP 12 | B145: DEMONTARE CABLU DE TELECOM DE PE ZID | C145: =SUM(D145:X145) | D145: 0 | E145: 0 | F145: 0 | G145: 0 | H145: 0 | I145: 0 | J145: 0 | K145: 0 | L145: 0 | M145: 0 | N145: 0 | O145: 0 | P145: 0 | Q145: 0 | R145: 0 | S145: 0 | T145: 0 | U145: 0 | V145: 0 | W145: 0 | X145: 0
A146: COP 13 | B146: DEMONTARE CABLU DE TELECOM. DE PE STALPI (MANOPERA DE DEMONTARE) | C146: =SUM(D146:X146) | D146: 0 | E146: 0 | F146: 0 | G146: 0 | H146: 0 | I146: 0 | J146: 0 | K146: 0 | L146: 0 | M146: 0 | N146: 0 | O146: 0 | P146: 0 | Q146: 0 | R146: 0 | S146: 0 | T146: 0 | U146: 0 | V146: 0 | W146: 0 | X146: 0
... A159: COP 29 | B159: DEMONTARE CABLU + STREANG + BRIDA | C159: =SUM(D159:X159) | D159: 0 | E159: 0 | F159: 0 | G159: 0 | H159: 0 | I159: 0 | J159: 0 | K159: 0 | L159: 0 | M159: 0 | N159: 0 | O159: 0 | P159: 0 | Q159: 0 | R159: 0 | S159: 0 | T159: 0 | U159: 0 | V159: 0 | W159: 0 | X159: 0
B160: TOTAL CABLU | C160: =SUM(C159+C158+C157+C152+C146+C145+C144)
B162: PERSOANE
B166: VINERI | C166: =SUM(H2)
A167: COP 1 | B167: EPUIZAREA MECANICA A APEI CU MOTOPOMPA | C167: =SUM(D167:X167) | D167: 0 | E167: 0 | F167: 0 | G167: 0 | H167: 0 | I167: 0 | J167: 0 | K167: 0 | L167: 0 | M167: 0 | N167: 0 | O167: 0 | P167: 0 | Q167: 0 | R167: 0 | S167: 0 | T167: 0 | U167: 0 | V167: 0 | W167: 0 | X167: 0
A168: COP 2 | B168: REFACERI PAVAJE LA STRAZI (TOATTE MATERIALELE, TRANSPORTURILE SI MANOPERA INCLUSE) | C168: =SUM(D168:X168) | D168: 0 | E168: 0 | F168: 0 | G168: 0 | H168: 0 | I168: 0 | J168: 0 | K168: 0 | L168: 0 | M168: 0 | N168: 0 | O168: 0 | P168: 0 | Q168: 0 | R168: 0 | S168: 0 | T168: 0 | U168: 0 | V168: 0 | W168: 0 | X168: 0
A169: COP 3 | B169: REFACERI PAVAJE TROTUAR, ALEI PIETONALE (TOATE MATERIALELE, TRANSPORTURILE Sl MANOPERA INCLUSE) | C169: =SUM(D169:X169) | D169: 0 | E169: 0 | F169: 0 | G169: 0 | H169: 0 | I169: 0 | J169: 0 | K169: 0 | L169: 0 | M169: 0 | N169: 0 | O169: 0 | P169: 0 | Q169: 0 | R169: 0 | S169: 0 | T169: 0 | U169: 0 | V169: 0 | W169: 0 | X169: 0
...

Sheet SHEET_GOL_6
A2: Nr. Crt | B2: Descriere articol | C2: TOTAL | D2: 46209 | E2: 46210 | F2: 46211 | G2: 46212 | H2: 46213 | I2: 46214 | J2: PRET | K2: TOTAL | W2: PRET BIS | X2: ADAOS ml | Y2: ADAOS % | Z2: ADAOS
A3: COP 1 | B3: EPUIZAREA MECANICA A APEI CU MOTOPOMPA | C3: =SUM(D3:I3) | D3: =SUM(C39) | E3: =SUM(C71) | F3: =SUM(C103) | G3: =SUM(C135) | H3: =SUM(C167) | I3: =SUM(C199) | J3: 2.09 | K3: =SUM(C3*J3) | W3: 2.49 | X3: =SUM(W3-J3) | Y3: =SUM(X3*1/W3) | Z3: =SUM(C3*X3)
A4: COP 2 | B4: REFACERI PAVAJE LA STRAZI (TOATTE MATERIALELE, TRANSPORTURILE SI MANOPERA INCLUSE) | C4: =SUM(D4:I4) | D4: =SUM(C40) | E4: =SUM(C72) | F4: =SUM(C104) | G4: =SUM(C136) | H4: =SUM(C168) | I4: =SUM(C200) | J4: 42.12 | K4: =SUM(C4*J4) | W4: 50.03 | X4: =SUM(W4-J4) | Y4: =SUM(X4*1/W4) | Z4: =SUM(C4*X4)
